price,drive
12994,4wd
7899,4wd
36944,4wd
4999,fwd
21590,rwd
51815,4wd
13590,fwd
6100,4wd
9995,fwd
19988,4wd
13351,fwd
6490,fwd
2500,fwd
2000,4wd
43999,4wd
20995,4wd
3900,fwd
7350,4wd
8500,rwd
23998,rwd
10495,fwd
13995,fwd
31990,rwd
6991,fwd
437,4wd
5999,4wd
2900,4wd
24888,4wd
1700,4wd
26490,4wd
31590,rwd
51990,4wd
29990,4wd
16995,fwd
4950,fwd
12500,fwd
20988,4wd
27500,4wd
19588,fwd
6500,fwd
25995,4wd
26000,fwd
12995,4wd
27995,rwd
35789,4wd
18990,fwd
25990,fwd
13500,rwd
27993,4wd
43888,4wd
9983,4wd
11811,fwd
11899,4wd
5000,fwd
13900,fwd
50130,fwd
13988,4wd
11995,4wd
22998,fwd
28000,4wd
33881,fwd
4500,rwd
17590,fwd
21990,fwd
4500,fwd
39990,rwd
30798,rwd
8995,fwd
24990,fwd
6995,fwd
5950,fwd
26988,4wd
14500,rwd
15000,4wd
19873,4wd
22995,rwd
10550,4wd
5750,4wd
8495,4wd
7200,4wd
7995,4wd
25990,fwd
21000,rwd
19900,fwd
7000,4wd
10995,4wd
29590,fwd
13779,fwd
49628,4wd
27254,4wd
20990,fwd
39990,rwd
14881,4wd
33998,4wd
8400,fwd
22495,4wd
8995,fwd
25997,4wd
4499,rwd
29990,fwd
3100,4wd
16590,fwd
4295,4wd
28995,4wd
15495,fwd
351,4wd
29500,4wd
8495,4wd
3695,fwd
57995,4wd
25000,rwd
43995,4wd
19998,rwd
27990,rwd
17995,4wd
6995,4wd
10497,rwd
11988,4wd
24990,fwd
25900,4wd
4400,fwd
24988,4wd
7995,fwd
18999,4wd
11995,4wd
48995,4wd
8995,4wd
14988,fwd
22900,4wd
18000,4wd
3000,fwd
11995,fwd
15795,fwd
29695,4wd
8500,fwd
13900,4wd
22990,rwd
43952,4wd
8800,4wd
36999,4wd
7995,fwd
21990,fwd
7900,fwd
82995,4wd
150,rwd
5500,4wd
6000,rwd
8795,fwd
17590,fwd
6995,4wd
15000,rwd
24988,4wd
15590,fwd
2995,fwd
14995,4wd
46495,4wd
60000,4wd
999,fwd
8990,4wd
16990,fwd
7500,fwd
5000,rwd
4495,fwd
87,fwd
28795,4wd
15299,fwd
6800,rwd
16900,fwd
5300,rwd
33995,4wd
15995,fwd
12900,rwd
15990,fwd
3599,rwd
5500,fwd
39590,4wd
4250,4wd
5499,fwd
4100,rwd
20000,fwd
17900,4wd
6995,4wd
27990,fwd
9500,4wd
30590,rwd
1,fwd
14980,4wd
15900,4wd
45932,4wd
19990,fwd
34990,4wd
8950,fwd
42900,4wd
15900,fwd
12990,fwd
1000,4wd
3490,rwd
67999,4wd
3200,fwd
34999,4wd
75000,rwd
24999,4wd
15000,rwd
9900,rwd
11500,fwd
11995,4wd
295,fwd
42995,4wd
27990,fwd
7800,4wd
18995,4wd
41990,fwd
26990,fwd
8499,fwd
22988,rwd
75,4wd
91000,rwd
2999,fwd
3000,4wd
26990,fwd
6998,4wd
35000,4wd
14995,4wd
4500,4wd
6999,fwd
48999,4wd
31990,4wd
23988,fwd
24988,4wd
42990,fwd
3500,4wd
12200,4wd
24990,fwd
1,4wd
5999,4wd
31995,rwd
7000,4wd
17990,rwd
6000,rwd
44980,4wd
3500,fwd
7497,fwd
5995,4wd
4995,rwd
8995,fwd
13995,fwd
42024,4wd
6900,4wd
10000,rwd
7800,rwd
39990,4wd
9777,4wd
10888,fwd
4900,4wd
29998,rwd
3999,4wd
33990,4wd
75000,4wd
26990,4wd
41994,4wd
36990,4wd
3000,fwd
3988,4wd
5700,rwd
13999,4wd
10500,rwd
4450,fwd
8975,fwd
10980,4wd
41999,4wd
27000,4wd
6000,fwd
3900,fwd
7995,4wd
31990,4wd
17998,rwd
36500,4wd
13900,4wd
9988,fwd
39998,4wd
8595,fwd
19498,rwd
12590,fwd
2000,4wd
6500,4wd
9991,fwd
27998,4wd
12000,rwd
46000,4wd
3500,rwd
7995,fwd
7650,rwd
3500,fwd
18590,fwd
36990,rwd
49500,4wd
19990,fwd
15591,rwd
35999,4wd
16990,fwd
27991,4wd
6995,fwd
8500,fwd
20590,fwd
32900,rwd
27990,fwd
7650,fwd
3950,fwd
41990,4wd
20000,4wd
6000,rwd
8000,4wd
20590,fwd
17519,rwd
16910,fwd
10600,fwd
7500,4wd
6995,fwd
10995,fwd
13995,4wd
77999,4wd
11999,4wd
3590,fwd
5200,fwd
17950,rwd
31990,fwd
4995,4wd
28590,4wd
4155,fwd
3900,fwd
4550,4wd
15995,rwd
8000,4wd
11995,rwd
5995,fwd
9995,fwd
34300,4wd
17405,fwd
4500,4wd
14499,fwd
48590,rwd
5995,fwd
20000,fwd
3500,fwd
17000,4wd
30995,4wd
5990,fwd
33990,4wd
9995,fwd
62000,4wd
1,4wd
4500,fwd
2250,4wd
9995,rwd
14777,fwd
15497,4wd
46988,4wd
12590,fwd
6500,fwd
7000,fwd
30194,4wd
13999,fwd
26900,rwd
17595,4wd
10500,fwd
5500,4wd
21995,fwd
2900,rwd
20000,4wd
14775,4wd
17990,fwd
6200,fwd
20990,rwd
38999,4wd
25995,4wd
3000,4wd
38590,rwd
6999,rwd
18999,fwd
200,4wd
28000,fwd
7500,fwd
6200,fwd
33590,fwd
16913,rwd
32590,4wd
31999,4wd
29990,rwd
11495,fwd
6500,rwd
7995,fwd
13950,4wd
8995,fwd
26590,rwd
5995,4wd
35000,4wd
25990,4wd
23900,4wd
14500,4wd
3200,fwd
15990,fwd
50000,4wd
16981,fwd
11688,fwd
7495,fwd
51975,4wd
6995,fwd
9995,4wd
39590,rwd
4500,rwd
39999,4wd
75000,rwd
13495,4wd
27990,fwd
7200,fwd
12500,fwd
3000,fwd
16999,4wd
26990,rwd
8000,fwd
23850,4wd
27875,rwd
37700,4wd
53456,4wd
11998,4wd
2995,fwd
9500,rwd
23990,fwd
3600,4wd
20990,4wd
32990,rwd
7995,fwd
38999,fwd
47995,4wd
15500,4wd
26990,4wd
31900,fwd
41940,fwd
9900,fwd
5480,rwd
13915,fwd
8950,4wd
6995,fwd
6800,fwd
16888,fwd
6700,4wd
29000,4wd
19995,4wd
2500,fwd
16998,fwd
43995,4wd
34999,rwd
51999,4wd
45995,fwd
27590,rwd
4499,fwd
5000,fwd
30995,4wd
12995,4wd
12995,fwd
27500,rwd
63995,4wd
17999,4wd
6497,4wd
20780,4wd
3300,4wd
20999,rwd
13780,fwd
8500,rwd
3795,4wd
44880,4wd
50,4wd
17900,rwd
219,fwd
25590,4wd
11500,rwd
10399,fwd
17699,4wd
59997,4wd
18600,4wd
3995,4wd
16495,4wd
8995,rwd
5400,fwd
32990,4wd
28985,rwd
13990,fwd
11900,rwd
14599,rwd
42999,4wd
48590,fwd
27590,rwd
34998,4wd
13999,4wd
7000,fwd
43900,rwd
12500,fwd
2500,rwd
23000,rwd
6500,fwd
38900,4wd
35990,rwd
35590,rwd
8000,4wd
36990,4wd
6988,fwd
4900,fwd
12999,rwd
3000,rwd
38995,4wd
37923,4wd
21995,fwd
2595,4wd
29590,fwd
29991,rwd
5995,fwd
16498,fwd
8995,fwd
6995,fwd
852,4wd
22990,fwd
3750,4wd
57995,4wd
12690,fwd
15590,fwd
10000,fwd
8199,fwd
900,4wd
15950,4wd
27899,fwd
45590,fwd
5500,rwd
3300,fwd
36590,rwd
14590,4wd
9995,4wd
1900,rwd
39998,4wd
19590,4wd
1500,rwd
507,4wd
21973,fwd
33990,4wd
786,4wd
2500,fwd
15295,4wd
34990,4wd
13980,rwd
46999,4wd
14988,4wd
36990,4wd
3995,fwd
100,fwd
7900,rwd
16000,rwd
41590,fwd
17995,4wd
11700,fwd
1500,rwd
13195,4wd
11950,fwd
2700,rwd
5550,fwd
11598,fwd
39999,4wd
14999,4wd
7800,rwd
20995,fwd
68495,4wd
39900,rwd
5200,fwd
9500,rwd
28500,4wd
24990,fwd
5000,4wd
50995,4wd
6900,rwd
3500,fwd
63488,4wd
3200,fwd
24900,4wd
8995,fwd
17725,4wd
15990,4wd
28490,rwd
24495,4wd
4100,4wd
12500,fwd
26990,rwd
6568,4wd
5790,fwd
19500,fwd
8200,4wd
38590,4wd
9950,fwd
29990,4wd
9995,4wd
4950,4wd
20949,4wd
23500,fwd
8000,rwd
24995,4wd
16900,4wd
8999,fwd
1,4wd
33691,4wd
39590,4wd
11500,4wd
17498,4wd
17998,4wd
39495,4wd
20999,fwd
16000,rwd
2595,4wd
24736,fwd
3800,4wd
4500,4wd
26990,rwd
22590,4wd
11500,rwd
13990,4wd
19995,4wd
5000,4wd
20990,fwd
5500,fwd
4500,4wd
33990,4wd
49900,fwd
10999,rwd
17990,fwd
11100,fwd
19995,rwd
4500,fwd
2988,4wd
49141,4wd
11000,fwd
18995,4wd
48999,4wd
45800,4wd
12998,fwd
35590,rwd
18995,4wd
5700,fwd
11985,4wd
12900,fwd
51995,4wd
35990,rwd
32995,4wd
27324,4wd
15990,4wd
9850,4wd
30990,4wd
10999,fwd
22999,4wd
22989,4wd
6000,rwd
15590,fwd
29990,4wd
11495,fwd
3900,fwd
26995,4wd
42500,4wd
17999,4wd
17977,4wd
6300,fwd
4950,4wd
7995,fwd
10950,fwd
15000,rwd
3995,4wd
35990,rwd
40998,4wd
11532,rwd
36990,4wd
9995,fwd
18999,rwd
25,rwd
19590,rwd
4600,fwd
18500,4wd
10900,rwd
760,4wd
12988,4wd
850,fwd
15590,fwd
19491,4wd
4350,4wd
8795,fwd
17995,4wd
11995,4wd
17500,rwd
19990,fwd
15472,4wd
1,4wd
35995,4wd
8990,4wd
12977,4wd
2900,fwd
13500,4wd
15590,fwd
13400,fwd
38891,4wd
3200,rwd
8590,fwd
5995,rwd
5900,fwd
27698,fwd
12477,fwd
34590,4wd
1999,4wd
43995,4wd
18995,rwd
12500,rwd
9000,4wd
10950,fwd
6998,fwd
14900,rwd
27500,rwd
28900,4wd
33990,4wd
2500,4wd
14500,4wd
32990,rwd
16500,rwd
34590,4wd
29900,4wd
41998,rwd
6950,fwd
24000,rwd
5000,fwd
14850,fwd
14727,fwd
13900,4wd
11275,4wd
20959,4wd
6999,fwd
61900,4wd
4000,fwd
8999,fwd
14995,fwd
10999,4wd
37995,4wd
45000,4wd
5800,fwd
32405,4wd
17999,4wd
3200,rwd
11970,4wd
4300,fwd
12995,4wd
29950,4wd
499,4wd
24590,4wd
6695,fwd
24500,4wd
46990,rwd
17233,4wd
345,fwd
4495,fwd
24990,rwd
14900,fwd
10999,fwd
7188,fwd
2500,4wd
6500,4wd
7700,fwd
57977,4wd
33990,4wd
2800,4wd
23990,4wd
44900,4wd
32995,4wd
46500,4wd
4995,fwd
3900,4wd
5995,fwd
8990,fwd
750,fwd
7995,rwd
1,rwd
13750,4wd
22000,4wd
18499,fwd
5300,fwd
27195,4wd
8199,fwd
55000,4wd
5695,4wd
9800,4wd
14995,fwd
6495,4wd
34999,4wd
30995,rwd
11974,fwd
16495,rwd
32995,fwd
10770,fwd
5750,fwd
7500,rwd
13497,rwd
29995,rwd
3500,fwd
4500,fwd
4995,4wd
18950,4wd
7999,fwd
12799,fwd
35590,rwd
52995,4wd
1,rwd
5500,rwd
34990,4wd
33590,rwd
7100,fwd
12900,fwd
19900,fwd
12900,4wd
32995,4wd
47995,4wd
15990,fwd
30995,fwd
12000,fwd
7650,fwd
33990,4wd
34590,4wd
9995,rwd
4995,4wd
28990,rwd
12900,fwd
10999,fwd
5498,fwd
30932,4wd
8999,fwd
23990,fwd
4444,fwd
42300,4wd
15990,4wd
17998,fwd
3200,fwd
30995,4wd
4997,fwd
41990,fwd
9900,fwd
12000,fwd
32990,4wd
14990,fwd
2200,fwd
541,4wd
14499,fwd
76128,rwd
5999,4wd
33590,4wd
22990,fwd
19998,4wd
18000,fwd
47990,rwd
19941,4wd
8326,fwd
5300,fwd
17990,fwd
17995,4wd
3000,4wd
22900,4wd
150,fwd
20990,fwd
14495,4wd
10640,fwd
2500,4wd
4999,fwd
7500,4wd
14998,fwd
1100,4wd
10990,rwd
24200,4wd
4200,4wd
24800,4wd
14500,rwd
4900,fwd
10465,4wd
12900,fwd
35590,4wd
16995,rwd
7995,fwd
11995,4wd
53550,fwd
16998,4wd
5995,4wd
22590,rwd
17990,fwd
8199,rwd
354,4wd
15795,4wd
6457,rwd
12900,fwd
6950,fwd
14975,4wd
676,4wd
15998,4wd
22590,rwd
19995,fwd
5400,fwd
18590,4wd
6990,fwd
19000,rwd
8995,4wd
10995,fwd
33990,4wd
11995,4wd
17495,rwd
14999,4wd
41449,4wd
9000,4wd
28995,4wd
29944,4wd
8500,fwd
59000,4wd
5995,fwd
17500,4wd
24900,fwd
5600,fwd
26990,rwd
26000,4wd
6000,fwd
26590,rwd
42500,4wd
7000,fwd
19968,fwd
26990,fwd
12590,fwd
8500,rwd
6495,fwd
34590,4wd
10900,fwd
3200,4wd
24990,4wd
2595,fwd
19929,fwd
29367,fwd
34990,4wd
18995,4wd
4900,rwd
100,4wd
18990,4wd
19950,4wd
17999,fwd
36998,4wd
2875,fwd
20998,rwd
15590,fwd
17990,fwd
7500,fwd
16590,fwd
14800,4wd
5000,fwd
8997,4wd
6995,fwd
4900,4wd
28590,fwd
12000,4wd
20995,rwd
30995,fwd
52900,4wd
32590,rwd
12998,fwd
9995,4wd
13500,fwd
5500,fwd
22000,4wd
44900,4wd
27995,4wd
13900,fwd
7900,fwd
16590,fwd
30000,4wd
18500,4wd
23985,4wd
39998,4wd
23087,4wd
10988,rwd
2000,fwd
24990,4wd
10,fwd
22694,fwd
36999,4wd
18300,4wd
46969,4wd
21831,fwd
15999,4wd
9995,4wd
6999,4wd
6200,4wd
34990,4wd
21990,4wd
27460,rwd
19418,fwd
17590,fwd
41999,4wd
19899,4wd
29900,4wd
3995,4wd
3600,fwd
16802,4wd
24886,4wd
44999,4wd
9990,fwd
16590,fwd
3500,4wd
8500,4wd
3960,4wd
44495,4wd
17999,fwd
17988,rwd
8000,4wd
11000,4wd
11988,rwd
40590,4wd
39000,4wd
13500,fwd
6488,fwd
18000,4wd
27590,fwd
20700,4wd
27991,rwd
15000,4wd
11950,fwd
46900,4wd
10500,fwd
3999,fwd
2700,rwd
14999,fwd
35590,rwd
15990,fwd
29900,rwd
41999,4wd
12988,4wd
15950,fwd
52995,4wd
7000,4wd
18500,4wd
10995,rwd
9400,rwd
8395,4wd
24990,4wd
16990,fwd
11995,4wd
25998,4wd
4100,fwd
45425,4wd
37929,4wd
21590,fwd
8555,4wd
35900,4wd
6500,4wd
6900,rwd
27590,fwd
9500,4wd
4300,fwd
23990,fwd
18617,4wd
8995,fwd
4900,fwd
12000,rwd
19992,rwd
42991,4wd
13995,4wd
21590,fwd
20590,fwd
15000,fwd
24590,fwd
24590,rwd
12995,rwd
5500,4wd
10950,fwd
5350,fwd
7199,fwd
36000,4wd
17990,rwd
8595,fwd
49900,fwd
10998,fwd
17398,fwd
18995,4wd
2575,4wd
28990,fwd
13990,fwd
25990,rwd
23990,rwd
26990,rwd
17999,4wd
40000,4wd
14975,4wd
17995,rwd
16590,fwd
56687,4wd
30000,rwd
6495,fwd
31900,4wd
52999,4wd
40452,4wd
21990,fwd
18590,fwd
2000,4wd
25699,rwd
18600,rwd
2500,fwd
7750,fwd
3299,fwd
6995,4wd
6995,4wd
4499,rwd
26990,4wd
4995,fwd
38900,4wd
3300,fwd
17999,fwd
4995,fwd
6999,fwd
6150,fwd
11990,fwd
13480,4wd
39990,4wd
22900,4wd
8500,4wd
1,fwd
47590,4wd
1300,4wd
1,rwd
43500,4wd
16867,fwd
18500,4wd
13950,fwd
35775,4wd
19000,4wd
23947,4wd
6965,fwd
4000,fwd
4500,rwd
39900,4wd
35990,4wd
4200,fwd
11900,fwd
12495,4wd
24990,fwd
12995,fwd
16406,fwd
8900,4wd
12000,rwd
42999,rwd
18990,fwd
6950,4wd
51995,4wd
58995,4wd
7975,fwd
18991,4wd
6399,rwd
32995,4wd
17998,rwd
16987,4wd
44988,4wd
9000,4wd
15499,fwd
31000,rwd
22990,fwd
17919,rwd
59999,4wd
8995,fwd
8800,4wd
18498,4wd
29995,4wd
30990,4wd
39111,fwd
13487,fwd
13940,fwd
10500,rwd
25590,fwd
39000,4wd
8995,fwd
8995,4wd
26900,rwd
49990,4wd
5499,fwd
4999,fwd
84995,4wd
10775,fwd
31590,4wd
12977,4wd
9975,rwd
26789,4wd
9500,4wd
4600,fwd
6500,4wd
32590,4wd
19500,4wd
4800,fwd
14990,fwd
17990,fwd
13990,fwd
24995,4wd
11995,rwd
29980,4wd
6995,fwd
9500,rwd
1350,fwd
27000,4wd
40990,fwd
28403,4wd
7500,4wd
15599,fwd
494,4wd
26990,fwd
3200,rwd
44499,4wd
2500,fwd
12345,rwd
19985,fwd
8690,fwd
8990,fwd
15995,4wd
39651,4wd
81999,4wd
4997,fwd
3750,rwd
37999,4wd
3977,4wd
75000,4wd
13480,fwd
23989,fwd
39995,4wd
23566,4wd
52610,4wd
41194,4wd
27995,4wd
3975,fwd
6500,rwd
33990,rwd
6995,fwd
1450,rwd
14500,rwd
34990,rwd
8995,fwd
2950,fwd
9995,rwd
11917,fwd
8900,fwd
4500,rwd
15990,fwd
4500,rwd
29950,rwd
10995,fwd
3000,fwd
29900,4wd
14942,rwd
5999,rwd
10995,4wd
15990,fwd
17900,rwd
34999,4wd
439,4wd
6900,fwd
29990,4wd
9580,fwd
41747,4wd
31990,4wd
12995,4wd
1995,fwd
23990,fwd
7995,fwd
8499,fwd
24500,4wd
3600,fwd
10000,rwd
42999,4wd
33990,rwd
11990,4wd
19995,4wd
20988,4wd
8988,4wd
4999,fwd
3200,fwd
19000,4wd
34800,rwd
16990,fwd
8500,rwd
27999,4wd
5995,4wd
12999,rwd
8000,4wd
5995,fwd
4500,4wd
6995,fwd
42000,4wd
6895,fwd
9500,4wd
10500,4wd
38950,4wd
20500,fwd
9700,rwd
5995,fwd
10750,fwd
2400,fwd
49628,4wd
12995,fwd
15000,rwd
34999,4wd
15800,4wd
16990,4wd
14950,rwd
59995,rwd
7500,rwd
64999,4wd
10500,rwd
6988,fwd
24995,4wd
4000,4wd
12900,fwd
11998,4wd
5795,4wd
31700,rwd
20995,fwd
13995,fwd
9500,4wd
6000,4wd
45995,4wd
17590,rwd
13997,4wd
33480,4wd
22590,fwd
23500,rwd
14990,fwd
21900,4wd
30990,rwd
38500,4wd
22590,4wd
12995,4wd
27395,4wd
8950,fwd
6750,fwd
4995,4wd
49995,rwd
500,fwd
29990,4wd
7500,4wd
40999,4wd
36949,4wd
6500,4wd
22852,fwd
15900,4wd
37500,4wd
16213,fwd
10495,fwd
16845,fwd
40995,4wd
9500,fwd
21500,rwd
22900,fwd
53830,4wd
50130,fwd
14000,rwd
11999,4wd
25990,rwd
155,fwd
25000,rwd
21590,fwd
5995,fwd
14900,rwd
13990,fwd
22896,4wd
282,rwd
16000,rwd
37990,rwd
4500,fwd
13488,4wd
18995,rwd
35990,rwd
26988,4wd
7800,rwd
12950,4wd
26990,4wd
11450,fwd
38355,rwd
8995,rwd
20977,4wd
19999,4wd
28000,4wd
4395,fwd
8995,4wd
38952,4wd
7995,rwd
3200,fwd
17995,fwd
6300,4wd
6500,4wd
6980,rwd
11990,fwd
129888,4wd
9900,fwd
10588,fwd
41900,rwd
24500,4wd
34590,4wd
42999,4wd
4500,fwd
7999,fwd
16995,4wd
8650,fwd
6495,fwd
17995,fwd
13999,4wd
16990,fwd
46000,4wd
17000,4wd
30998,rwd
24990,rwd
3495,fwd
14480,4wd
15590,fwd
2500,4wd
3895,rwd
35590,rwd
9988,fwd
73180,4wd
507,4wd
35590,rwd
6500,fwd
8395,rwd
4100,4wd
21590,fwd
31995,4wd
14988,4wd
24991,fwd
31590,rwd
32999,4wd
42590,rwd
34990,rwd
8488,fwd
10950,4wd
6995,fwd
4200,rwd
7990,fwd
25989,4wd
16990,fwd
31425,fwd
10988,fwd
59995,rwd
30998,4wd
7000,rwd
22950,4wd
29600,rwd
40998,4wd
39999,4wd
7500,4wd
26990,fwd
37990,4wd
21900,4wd
5700,fwd
6000,4wd
39590,rwd
8490,fwd
9999,rwd
32990,fwd
24997,4wd
34000,4wd
30590,rwd
28990,fwd
26590,fwd
12000,rwd
9995,fwd
25990,rwd
23999,4wd
28997,4wd
64995,rwd
15000,fwd
29880,rwd
14997,4wd
1500,fwd
9600,rwd
319,4wd
29995,rwd
26990,4wd
19900,4wd
12975,4wd
23900,4wd
3000,4wd
7272,fwd
4500,4wd
46900,4wd
8499,4wd
25988,4wd
30697,rwd
43990,4wd
11500,fwd
38991,4wd
3999,fwd
12750,4wd
45000,4wd
17551,4wd
30995,rwd
1750,fwd
18990,fwd
10991,rwd
7500,rwd
17000,4wd
9500,4wd
6600,fwd
28400,4wd
15900,4wd
99,rwd
50990,4wd
3000,fwd
6500,fwd
28957,fwd
37987,4wd
4495,fwd
10500,fwd
13999,fwd
13999,rwd
8900,rwd
8900,rwd
21995,4wd
34590,rwd
25999,4wd
21997,fwd
27000,rwd
17590,fwd
17590,fwd
3950,fwd
8969,fwd
15850,4wd
32590,rwd
24950,rwd
424,rwd
2595,fwd
5295,fwd
23990,fwd
19998,4wd
7294,rwd
5949,fwd
41998,4wd
920,rwd
29688,4wd
45999,4wd
7995,rwd
20690,fwd
34899,4wd
21590,rwd
44990,rwd
30995,4wd
15990,fwd
16250,4wd
28000,4wd
22500,fwd
11500,4wd
37995,rwd
29900,4wd
24799,4wd
2500,rwd
17988,4wd
4995,fwd
5500,4wd
4400,rwd
20998,fwd
35590,rwd
8400,fwd
38997,4wd
37506,4wd
5995,4wd
4295,fwd
500,fwd
12555,fwd
34995,4wd
28400,4wd
15900,fwd
39990,4wd
6999,fwd
12500,fwd
12995,fwd
5995,fwd
22987,fwd
17250,fwd
6500,fwd
31990,rwd
38995,4wd
9550,4wd
21995,4wd
11500,fwd
27337,4wd
24999,4wd
8000,rwd
26990,rwd
7250,rwd
9994,4wd
34590,4wd
18700,4wd
14980,fwd
68973,4wd
42952,4wd
2995,fwd
23481,4wd
8900,fwd
48998,4wd
14800,fwd
513,rwd
12499,fwd
19995,4wd
41723,4wd
26995,4wd
20000,rwd
5891,fwd
33499,4wd
33900,4wd
10995,4wd
4500,fwd
25900,4wd
27995,4wd
12990,4wd
33990,rwd
6499,4wd
57980,4wd
15495,4wd
49331,rwd
4995,4wd
17990,fwd
11995,4wd
7950,fwd
12307,fwd
1500,4wd
4000,4wd
55995,4wd
37999,4wd
34590,4wd
14999,rwd
11995,fwd
13950,fwd
17590,fwd
21999,rwd
22900,rwd
47995,rwd
15600,4wd
38990,4wd
3990,fwd
13985,rwd
22500,4wd
18999,fwd
19999,4wd
6500,4wd
28767,4wd
39900,rwd
7900,fwd
10500,4wd
11191,4wd
21990,rwd
20122,rwd
3999,fwd
29990,rwd
5500,4wd
14295,fwd
13000,rwd
3400,4wd
9998,4wd
19999,4wd
49531,4wd
6995,fwd
37900,fwd
21590,fwd
26572,rwd
24990,fwd
3500,rwd
2550,rwd
8000,4wd
11995,4wd
10995,fwd
34999,4wd
38742,4wd
38990,rwd
18753,rwd
34495,4wd
27000,4wd
27995,rwd
32590,4wd
6949,4wd
13699,fwd
14990,fwd
17590,fwd
22995,fwd
25500,4wd
5500,fwd
5195,rwd
25695,4wd
7850,fwd
21999,rwd
6950,fwd
26995,fwd
10995,fwd
6595,rwd
6000,4wd
27990,fwd
1900,fwd
16995,fwd
16000,rwd
15372,rwd
3100,rwd
21590,rwd
12999,4wd
9995,fwd
28590,4wd
14499,rwd
31351,rwd
42999,4wd
5995,fwd
28163,4wd
14980,fwd
3000,fwd
21583,rwd
33994,4wd
37990,4wd
7850,4wd
29900,4wd
33480,4wd
10495,4wd
31950,4wd
2000,fwd
99,4wd
36999,4wd
37991,4wd
6995,fwd
28998,rwd
5500,fwd
9977,fwd
9990,4wd
6500,fwd
7900,rwd
21695,fwd
14900,4wd
25977,4wd
26500,rwd
10495,rwd
16800,4wd
9999,fwd
16000,rwd
68000,rwd
32900,4wd
21990,rwd
10495,fwd
13900,fwd
19990,rwd
515,rwd
17590,fwd
16999,fwd
15999,fwd
2995,rwd
2988,4wd
27888,4wd
3750,4wd
6000,4wd
5999,fwd
38500,rwd
17990,fwd
5900,4wd
5000,4wd
2200,fwd
3000,rwd
11995,4wd
30900,4wd
3000,4wd
49999,4wd
11975,4wd
17995,fwd
9000,4wd
477,4wd
59990,4wd
6195,fwd
21990,rwd
14950,fwd
15995,4wd
21638,rwd
26990,4wd
15918,fwd
1600,fwd
24999,4wd
9995,fwd
9399,rwd
3999,fwd
39000,4wd
22999,rwd
7990,4wd
10990,4wd
24900,rwd
27995,4wd
36990,4wd
5723,fwd
11381,fwd
29990,4wd
6000,rwd
6000,4wd
29995,4wd
13488,fwd
3600,fwd
4000,fwd
9995,4wd
4275,fwd
5975,fwd
13995,fwd
15495,fwd
5399,4wd
43990,4wd
19499,4wd
4995,fwd
9995,fwd
31371,4wd
10950,4wd
39590,4wd
29997,4wd
22900,4wd
34000,4wd
4900,fwd
16901,4wd
13999,rwd
37990,4wd
18990,4wd
29990,rwd
6995,fwd
27500,fwd
31495,4wd
13967,fwd
39590,4wd
5000,4wd
6900,fwd
35998,4wd
4995,rwd
64900,4wd
14777,fwd
38975,4wd
13995,fwd
11499,fwd
29990,rwd
28999,4wd
39500,4wd
11988,fwd
5590,fwd
14590,fwd
13500,4wd
36990,4wd
9500,4wd
16985,rwd
15995,fwd
42990,fwd
7995,fwd
18495,4wd
6950,fwd
5500,rwd
15500,4wd
3500,fwd
24775,4wd
38590,4wd
10900,fwd
37990,rwd
7499,fwd
13995,4wd
192,4wd
3195,4wd
15288,4wd
14995,fwd
65750,4wd
2470,fwd
20990,fwd
24900,rwd
124900,rwd
10900,4wd
25590,rwd
10500,fwd
10990,fwd
19990,fwd
14753,fwd
7495,4wd
2600,rwd
25990,rwd
38995,4wd
16900,fwd
5990,fwd
20790,4wd
8750,4wd
22998,rwd
233,fwd
34990,rwd
21500,4wd
11950,rwd
4250,rwd
13990,fwd
37990,rwd
31590,4wd
44999,4wd
52944,4wd
17990,4wd
24990,4wd
30990,rwd
18990,fwd
6550,fwd
4495,4wd
6100,rwd
16500,4wd
49990,4wd
18998,fwd
4150,4wd
2000,fwd
18566,fwd
650,fwd
39692,4wd
26990,fwd
39999,4wd
8999,fwd
22900,4wd
50995,4wd
20990,fwd
18910,4wd
30000,4wd
5200,4wd
18700,fwd
49498,4wd
12000,4wd
7500,rwd
11491,fwd
13995,rwd
15522,4wd
10995,rwd
44999,4wd
32995,4wd
24990,fwd
16990,fwd
12800,4wd
21695,rwd
32990,4wd
45000,4wd
17590,fwd
37998,4wd
73932,4wd
32988,4wd
6995,fwd
8995,4wd
23995,fwd
19798,4wd
13990,fwd
124,rwd
73981,4wd
5200,rwd
33990,4wd
15590,fwd
5000,4wd
24900,4wd
9000,4wd
11995,fwd
39590,rwd
3999,fwd
13267,fwd
6950,fwd
31990,4wd
20990,4wd
98000,rwd
19990,fwd
38912,4wd
7990,fwd
11950,rwd
16495,4wd
3999,fwd
40995,4wd
15950,4wd
3995,fwd
7900,4wd
23999,4wd
37990,rwd
36990,4wd
43590,4wd
6298,fwd
42998,4wd
6395,4wd
2999,fwd
12099,4wd
34990,4wd
3450,4wd
12995,fwd
20900,rwd
9750,4wd
1800,fwd
1895,fwd
33980,4wd
26249,4wd
16590,fwd
40990,4wd
24900,rwd
39900,rwd
541,4wd
31990,4wd
33990,rwd
999,fwd
4950,rwd
53999,4wd
15489,4wd
31999,rwd
16850,fwd
16590,fwd
8016,fwd
13000,4wd
25000,rwd
18981,4wd
47980,4wd
7495,fwd
38000,4wd
10999,rwd
38500,rwd
5000,rwd
23590,rwd
6700,fwd
42250,rwd
4999,rwd
6500,rwd
19999,4wd
9000,4wd
24699,fwd
40590,4wd
10995,4wd
7995,4wd
12500,4wd
6500,rwd
46999,4wd
10900,fwd
2900,4wd
8999,rwd
22865,fwd
14675,fwd
8800,fwd
4250,fwd
19995,4wd
29510,4wd
23990,4wd
6995,fwd
46995,4wd
5995,fwd
6800,fwd
12700,fwd
21750,4wd
6450,4wd
69999,4wd
26995,4wd
31590,4wd
34995,4wd
5900,fwd
19999,4wd
3000,4wd
39900,rwd
9950,4wd
34590,4wd
10950,rwd
50100,fwd
6490,fwd
8995,fwd
8990,rwd
14995,rwd
10900,4wd
41777,fwd
27000,4wd
20990,fwd
23990,fwd
42990,4wd
4495,fwd
21831,fwd
7495,fwd
2100,fwd
34990,rwd
4900,fwd
4200,fwd
7300,fwd
18799,4wd
39590,rwd
5991,fwd
19990,fwd
18990,fwd
4999,fwd
8995,fwd
17989,fwd
2500,fwd
500,4wd
1,4wd
11900,fwd
14900,fwd
26900,rwd
27950,4wd
8900,4wd
40128,4wd
42999,4wd
15222,fwd
435,fwd
3900,fwd
9995,rwd
6998,rwd
34149,4wd
31590,fwd
46998,rwd
35888,4wd
42998,4wd
15590,fwd
34990,fwd
24975,fwd
3600,fwd
14999,fwd
1895,fwd
13998,rwd
24990,4wd
15988,fwd
22590,rwd
4500,rwd
6499,4wd
14000,4wd
8999,fwd
49000,4wd
3500,fwd
69433,4wd
4500,rwd
8950,fwd
42999,4wd
12295,fwd
12700,4wd
19791,fwd
4000,4wd
12500,fwd
18995,4wd
9400,fwd
12500,rwd
7500,fwd
18000,4wd
3300,rwd
99,4wd
12999,fwd
9500,4wd
34839,4wd
10995,fwd
1,4wd
5900,rwd
3500,4wd
12995,4wd
34541,4wd
6250,rwd
18969,fwd
14985,fwd
39000,4wd
55944,4wd
20498,4wd
38590,rwd
7400,4wd
12000,4wd
594,4wd
28998,rwd
12970,rwd
116,fwd
15990,fwd
8494,fwd
10500,rwd
14969,fwd
12995,4wd
15995,fwd
2500,4wd
12995,4wd
12195,fwd
29990,4wd
21995,4wd
17590,fwd
32825,4wd
59999,4wd
18989,4wd
15249,fwd
9257,fwd
23995,4wd
27999,4wd
429,4wd
49038,4wd
34685,fwd
3500,fwd
17590,fwd
44590,4wd
6500,4wd
19900,4wd
4899,fwd
4500,rwd
17649,fwd
69988,4wd
12455,fwd
33990,4wd
8500,rwd
16590,fwd
16749,fwd
6800,rwd
22995,4wd
20990,4wd
12500,fwd
3500,fwd
43995,4wd
20590,rwd
869,4wd
29495,4wd
16990,fwd
21500,4wd
4900,fwd
8200,4wd
2995,fwd
39990,rwd
5500,fwd
27590,4wd
12000,4wd
21590,fwd
14747,4wd
24995,4wd
18590,fwd
1200,rwd
1500,fwd
5000,4wd
17000,4wd
15000,rwd
32499,4wd
15000,rwd
62543,4wd
32590,rwd
14990,fwd
9200,fwd
23900,rwd
16500,rwd
29495,4wd
1200,4wd
13900,rwd
5495,fwd
7995,4wd
32500,4wd
19995,4wd
45990,rwd
9700,fwd
5500,rwd
7795,fwd
10995,4wd
34000,fwd
11990,fwd
3995,fwd
7450,4wd
9000,fwd
16988,fwd
20902,fwd
39990,fwd
15995,rwd
6000,fwd
217,4wd
6495,fwd
27900,rwd
22495,4wd
14990,4wd
15990,fwd
40426,4wd
7800,fwd
17999,fwd
10999,fwd
33500,4wd
34990,rwd
1,4wd
15000,fwd
25900,rwd
5000,rwd
2700,fwd
14900,4wd
3500,fwd
26900,rwd
25999,4wd
9500,fwd
32995,rwd
11900,fwd
29990,4wd
19995,rwd
31990,rwd
10990,fwd
22990,fwd
47990,4wd
17590,fwd
47999,4wd
10300,rwd
5850,fwd
19995,4wd
51900,4wd
29990,4wd
13495,fwd
110000,rwd
24995,4wd
5995,4wd
999,rwd
7300,rwd
11667,fwd
20900,4wd
16490,4wd
5999,fwd
20998,fwd
79999,4wd
15590,fwd
33899,4wd
32590,fwd
18895,4wd
24977,rwd
10950,fwd
3200,rwd
45000,rwd
13282,fwd
7400,4wd
15452,fwd
30990,rwd
42111,4wd
35990,4wd
19990,fwd
24590,rwd
2300,4wd
27988,rwd
4800,fwd
15999,rwd
36988,rwd
29590,fwd
15950,4wd
19990,4wd
900,fwd
11000,fwd
7865,4wd
7995,rwd
4999,fwd
31590,fwd
27590,fwd
14995,4wd
16000,rwd
30000,rwd
32990,rwd
7000,rwd
28995,4wd
13995,4wd
12990,fwd
8900,fwd
14450,fwd
40590,4wd
34995,rwd
63999,4wd
7450,fwd
58944,4wd
32827,rwd
19990,fwd
1000,fwd
9000,rwd
16988,rwd
35738,4wd
12500,rwd
24400,4wd
11995,fwd
28000,4wd
3150,fwd
28990,rwd
28888,rwd
8990,4wd
25488,rwd
2800,fwd
1800,fwd
8500,fwd
11900,fwd
9500,4wd
11998,rwd
43998,4wd
42590,rwd
175,fwd
31991,4wd
10988,rwd
55410,fwd
37900,4wd
9995,rwd
13497,fwd
6995,fwd
3900,fwd
15599,fwd
23000,rwd
15995,fwd
3949,fwd
24000,4wd
1,rwd
43999,4wd
82900,4wd
36990,4wd
41998,4wd
3700,4wd
15953,fwd
43990,fwd
8000,rwd
1,rwd
15599,4wd
12995,4wd
46990,rwd
18950,4wd
23995,4wd
31309,4wd
23990,4wd
16500,fwd
61999,4wd
3000,fwd
7500,fwd
3250,fwd
14990,fwd
17590,fwd
17590,fwd
72777,4wd
58995,4wd
8800,fwd
32987,rwd
10295,fwd
9000,4wd
11931,4wd
14700,rwd
37995,rwd
11998,fwd
27500,4wd
28990,fwd
21990,rwd
269,fwd
25998,fwd
11237,fwd
59900,rwd
5900,4wd
3990,fwd
2999,4wd
5500,fwd
30995,fwd
21990,rwd
22950,rwd
6500,fwd
12990,fwd
29990,rwd
29990,4wd
30990,rwd
7950,fwd
25484,rwd
38732,4wd
6999,fwd
3500,fwd
31590,rwd
5999,rwd
16590,fwd
8495,4wd
16999,4wd
15590,fwd
11950,4wd
15997,4wd
527,4wd
32999,4wd
4999,fwd
3800,fwd
52880,4wd
9000,4wd
4999,fwd
27990,4wd
4995,fwd
8500,fwd
17799,fwd
6995,4wd
22599,4wd
15995,4wd
34590,4wd
13500,rwd
8500,fwd
44999,4wd
21995,4wd
23590,rwd
3999,fwd
13995,4wd
38590,4wd
12590,fwd
17390,fwd
10999,fwd
17777,fwd
6880,fwd
2900,fwd
34995,4wd
7500,fwd
6800,fwd
6799,4wd
44995,rwd
9975,4wd
10995,fwd
18990,fwd
28000,4wd
9995,fwd
31997,fwd
16888,fwd
1950,fwd
15590,fwd
10000,rwd
8975,rwd
36590,rwd
41888,rwd
12590,fwd
114,4wd
17990,fwd
32990,4wd
18590,fwd
4850,fwd
29590,rwd
26990,fwd
34685,fwd
1500,rwd
25999,4wd
22987,rwd
17295,rwd
43988,4wd
32995,4wd
22000,4wd
8990,4wd
10689,fwd
1500,4wd
13995,rwd
11500,fwd
31995,4wd
31750,4wd
25990,fwd
15995,4wd
7995,fwd
16900,4wd
7500,fwd
17990,fwd
5800,fwd
17500,fwd
838,4wd
8991,fwd
20000,fwd
10300,4wd
3995,4wd
20443,4wd
31995,4wd
16500,rwd
21952,rwd
9995,4wd
16999,4wd
34900,4wd
17000,4wd
23590,rwd
37998,fwd
5000,4wd
42999,4wd
17999,rwd
10888,fwd
3000,fwd
37900,rwd
66738,4wd
4850,rwd
10000,fwd
7950,rwd
4400,4wd
45500,4wd
50995,4wd
18590,fwd
14900,4wd
25999,4wd
98000,4wd
31990,4wd
36990,4wd
3500,rwd
13990,fwd
27990,4wd
6995,fwd
51999,4wd
24995,4wd
5500,fwd
34944,4wd
9995,fwd
266,fwd
16980,fwd
27977,4wd
19995,fwd
18590,fwd
32850,4wd
27919,4wd
8500,4wd
2200,rwd
1000,4wd
15499,fwd
25990,rwd
26995,4wd
20995,4wd
21500,4wd
34990,4wd
6950,fwd
42998,4wd
2900,rwd
17990,rwd
7497,rwd
17990,fwd
16995,fwd
21988,4wd
16590,fwd
6900,fwd
19590,fwd
7450,fwd
44200,fwd
4800,rwd
8995,4wd
28995,4wd
6995,fwd
23998,fwd
8239,4wd
15500,fwd
2500,fwd
22000,fwd
22888,4wd
19590,fwd
24988,4wd
6450,fwd
9700,fwd
4900,fwd
11950,fwd
8990,fwd
25990,rwd
26990,rwd
1685,rwd
5500,fwd
27990,4wd
4400,fwd
31590,4wd
12901,fwd
14995,rwd
38742,4wd
15995,4wd
7200,4wd
4999,fwd
17990,fwd
10999,rwd
22863,4wd
17499,fwd
11995,fwd
4995,fwd
13999,4wd
22990,fwd
10800,4wd
5800,fwd
40590,4wd
4999,fwd
49998,4wd
24999,4wd
6900,4wd
24590,rwd
55590,rwd
36900,rwd
4500,4wd
16000,rwd
18900,4wd
39990,rwd
6500,4wd
9900,4wd
3990,fwd
11990,fwd
32500,4wd
36777,4wd
24999,4wd
2500,4wd
58995,4wd
35000,rwd
7500,fwd
17990,fwd
38590,fwd
12500,rwd
10322,fwd
23992,4wd
19590,fwd
7000,4wd
5600,fwd
19999,rwd
8437,4wd
4200,4wd
17256,fwd
7500,4wd
25590,fwd
9895,fwd
36990,rwd
41975,4wd
5995,fwd
5650,rwd
4995,4wd
29900,4wd
48795,4wd
2000,4wd
43430,4wd
3850,fwd
52999,4wd
5489,fwd
4900,fwd
32795,fwd
5995,rwd
3200,fwd
7442,fwd
9990,4wd
12990,4wd
39590,4wd
7395,fwd
39990,4wd
4800,4wd
10500,4wd
6995,fwd
5000,4wd
10900,fwd
10800,4wd
2600,rwd
99,4wd
27990,rwd
19995,4wd
18995,4wd
39990,rwd
6700,4wd
18995,fwd
16995,fwd
6999,rwd
12995,4wd
21997,4wd
13488,4wd
35990,rwd
4900,fwd
6950,4wd
16800,fwd
12195,rwd
13995,fwd
11900,4wd
37999,4wd
16300,4wd
13714,4wd
35990,4wd
39995,fwd
34590,fwd
40590,rwd
15988,fwd
33995,4wd
34590,fwd
4950,rwd
39000,4wd
31500,4wd
2999,fwd
5999,fwd
30990,fwd
6990,fwd
8999,fwd
18983,rwd
19995,fwd
4600,fwd
38995,4wd
6995,rwd
20590,fwd
16998,fwd
2800,fwd
36990,4wd
2000,rwd
2900,fwd
21699,4wd
8200,fwd
8000,4wd
3900,rwd
22990,rwd
25990,rwd
24990,rwd
33990,rwd
22590,rwd
6900,4wd
25990,rwd
18590,fwd
17950,4wd
38990,rwd
36999,4wd
100,4wd
25990,fwd
24888,4wd
103000,fwd
16500,fwd
89995,4wd
3300,4wd
31900,rwd
990,4wd
14999,fwd
33990,rwd
18995,fwd
28991,4wd
35590,4wd
27990,rwd
8495,4wd
25000,rwd
27500,rwd
19990,fwd
8695,fwd
15990,fwd
37990,rwd
32990,rwd
28233,4wd
8500,fwd
1250,fwd
6273,4wd
24590,rwd
21500,rwd
6995,fwd
8750,rwd
26990,4wd
13590,fwd
40990,4wd
9500,4wd
4500,fwd
19995,4wd
9995,fwd
13900,4wd
23990,fwd
14590,fwd
31990,4wd
16995,4wd
8295,fwd
27999,4wd
7495,fwd
36223,4wd
15991,fwd
1000,fwd
39999,4wd
17990,fwd
14900,4wd
32990,fwd
16500,4wd
22991,4wd
28590,fwd
2750,fwd
12880,rwd
28500,rwd
26990,fwd
23852,4wd
24990,fwd
38990,4wd
52900,4wd
40988,4wd
19983,fwd
31990,rwd
8500,4wd
6995,fwd
22900,fwd
42900,4wd
1900,rwd
4500,fwd
5995,fwd
18590,fwd
13995,fwd
43963,4wd
8900,fwd
27000,rwd
9995,fwd
11515,fwd
28988,fwd
20755,4wd
10995,fwd
6500,fwd
4995,rwd
31900,rwd
20850,4wd
1900,4wd
379,rwd
85999,4wd
4995,fwd
31590,rwd
9000,4wd
9800,fwd
7995,fwd
16991,4wd
4950,4wd
27500,rwd
12900,fwd
79900,rwd
12499,4wd
34590,rwd
9995,fwd
10900,fwd
22995,fwd
10500,fwd
14997,fwd
11999,fwd
22900,rwd
39997,rwd
28988,4wd
42900,4wd
15900,rwd
26590,fwd
11990,fwd
34775,rwd
35990,4wd
35999,4wd
24500,rwd
7499,fwd
6000,fwd
38590,rwd
7975,fwd
4000,4wd
4200,rwd
22000,fwd
43900,4wd
2400,fwd
16900,4wd
47990,rwd
29990,rwd
43990,4wd
14900,rwd
10945,fwd
6590,4wd
16999,fwd
21990,rwd
10495,4wd
32900,4wd
10500,rwd
3995,4wd
6000,4wd
26000,4wd
29990,4wd
5290,fwd
27590,fwd
39988,rwd
11995,4wd
2000,fwd
19990,fwd
16595,4wd
4400,fwd
9495,fwd
8598,fwd
28950,4wd
31750,4wd
17995,fwd
6500,rwd
20988,4wd
4000,4wd
6495,fwd
14999,fwd
33590,rwd
10952,fwd
29590,4wd
3500,fwd
5400,fwd
1700,4wd
12900,4wd
40998,rwd
6975,fwd
16995,4wd
15990,fwd
23000,4wd
5500,fwd
7995,4wd
15500,4wd
6900,fwd
21900,rwd
21799,rwd
48680,4wd
6595,fwd
39990,rwd
5000,4wd
6000,4wd
14960,rwd
3500,4wd
6498,4wd
13900,rwd
12291,fwd
21990,fwd
9975,fwd
32988,4wd
5500,rwd
5950,fwd
12337,fwd
8995,fwd
34373,4wd
18950,4wd
4500,fwd
8600,fwd
6000,fwd
30990,4wd
5400,4wd
31999,4wd
16998,rwd
24590,fwd
2600,4wd
478,4wd
7900,fwd
23995,4wd
16750,rwd
19990,fwd
26590,rwd
20995,4wd
15995,rwd
49500,4wd
47950,4wd
27000,4wd
6000,rwd
16990,fwd
6995,rwd
6200,fwd
12000,fwd
21990,fwd
34590,fwd
19995,fwd
5700,fwd
18980,rwd
36990,4wd
11495,4wd
22998,4wd
12590,fwd
24500,4wd
2500,fwd
28990,fwd
32495,fwd
14994,4wd
15988,4wd
20590,fwd
13900,4wd
23500,rwd
55995,4wd
7997,fwd
9500,rwd
10000,fwd
15488,rwd
17000,fwd
9995,fwd
9500,fwd
28950,4wd
14995,rwd
58995,4wd
600,fwd
4995,fwd
17990,fwd
3250,rwd
8998,fwd
17998,rwd
7950,4wd
34988,4wd
33499,4wd
7988,rwd
7495,fwd
3000,4wd
12400,fwd
34000,fwd
24995,4wd
9500,fwd
6900,fwd
26450,fwd
9800,fwd
13500,4wd
4500,fwd
33385,4wd
11980,4wd
11000,fwd
31990,rwd
24989,4wd
11500,4wd
17500,4wd
68777,4wd
6300,fwd
33990,4wd
12999,4wd
15995,fwd
9100,4wd
8498,4wd
1,rwd
28977,4wd
21490,fwd
12999,4wd
37999,4wd
7500,rwd
29590,4wd
16990,rwd
25000,4wd
58981,4wd
21590,rwd
36900,4wd
7800,4wd
8250,fwd
18288,fwd
8980,4wd
41999,4wd
19995,rwd
309,fwd
27990,4wd
76128,rwd
1,4wd
19990,fwd
26951,4wd
14250,4wd
8995,4wd
26990,rwd
31990,fwd
3500,fwd
17900,rwd
24900,4wd
34479,4wd
373,4wd
10500,fwd
16500,4wd
14990,fwd
11995,4wd
65999,4wd
26945,4wd
24988,4wd
39999,rwd
26990,fwd
12000,fwd
7995,fwd
37999,4wd
3000,4wd
24990,rwd
3995,4wd
16499,rwd
6000,fwd
3995,fwd
5500,fwd
14995,fwd
37995,4wd
54900,4wd
15540,fwd
13000,rwd
16590,fwd
43500,4wd
39990,rwd
27590,fwd
2800,fwd
33990,fwd
10500,4wd
6999,fwd
7995,4wd
22000,4wd
19995,4wd
36983,4wd
15888,fwd
1795,fwd
2795,fwd
406,4wd
27590,fwd
15590,fwd
29990,4wd
14295,4wd
78423,rwd
25995,4wd
34770,4wd
4500,fwd
25900,4wd
26959,4wd
8995,fwd
7995,fwd
4900,fwd
19997,4wd
25590,fwd
29500,4wd
3500,rwd
35990,fwd
21500,rwd
5499,rwd
28990,4wd
21000,rwd
20990,fwd
14900,fwd
16200,4wd
7699,fwd
15550,rwd
4500,4wd
4900,fwd
16900,4wd
22600,4wd
18500,fwd
7650,fwd
13999,4wd
4200,4wd
32999,4wd
5295,fwd
33999,4wd
5495,fwd
20985,rwd
36990,rwd
6495,fwd
14990,4wd
29590,fwd
30590,rwd
53577,4wd
30000,fwd
17950,fwd
6900,rwd
10900,rwd
405,4wd
10563,fwd
40950,4wd
30799,4wd
3500,rwd
12326,fwd
17695,rwd
24990,rwd
13500,fwd
15949,fwd
3500,4wd
21590,fwd
4995,fwd
2350,fwd
9000,rwd
4495,fwd
14999,fwd
57990,rwd
26990,rwd
29533,4wd
39990,fwd
7950,4wd
7995,fwd
10950,fwd
8382,rwd
29999,4wd
37190,4wd
17990,rwd
32990,4wd
13999,fwd
4000,fwd
34995,4wd
3200,fwd
43388,4wd
93450,fwd
31900,4wd
6495,fwd
2700,4wd
10995,fwd
39999,4wd
23990,fwd
36990,4wd
5000,fwd
23990,fwd
19990,fwd
24403,rwd
3500,rwd
13995,4wd
36999,4wd
6745,4wd
19999,4wd
7995,fwd
26590,rwd
3950,fwd
34995,4wd
2950,fwd
15995,rwd
14995,fwd
42590,4wd
37977,4wd
10999,4wd
20990,4wd
5995,4wd
6000,fwd
6985,fwd
27990,4wd
8995,fwd
34988,4wd
25990,fwd
15999,rwd
13900,fwd
5900,rwd
6900,rwd
5800,fwd
28935,fwd
9950,4wd
34500,rwd
23950,4wd
45590,rwd
8990,rwd
9995,4wd
4950,fwd
43995,4wd
18000,rwd
18900,4wd
1999,4wd
15950,4wd
3600,fwd
7995,4wd
13500,rwd
9025,fwd
15900,rwd
4000,4wd
39999,4wd
17340,4wd
9999,fwd
3900,fwd
2300,fwd
5998,4wd
20991,fwd
17000,4wd
21990,4wd
3900,fwd
26995,4wd
1000,fwd
13695,4wd
25990,fwd
3990,fwd
1000,4wd
4395,fwd
445,4wd
6800,fwd
21795,4wd
32990,4wd
7600,4wd
39590,rwd
4495,fwd
21999,4wd
11995,4wd
26990,fwd
5500,fwd
36590,4wd
14100,fwd
15999,fwd
2000,rwd
12400,4wd
32990,rwd
14990,4wd
18780,4wd
7995,rwd
18950,4wd
42000,4wd
26800,4wd
5995,fwd
21590,fwd
8997,4wd
1300,fwd
338,fwd
2500,fwd
8990,4wd
7995,fwd
9995,4wd
37995,4wd
18997,fwd
12867,fwd
7990,fwd
23590,rwd
7000,4wd
33990,4wd
9500,fwd
4500,4wd
12998,4wd
6900,4wd
3000,fwd
15590,fwd
35990,4wd
12500,fwd
450,4wd
21988,rwd
21295,4wd
29944,4wd
19495,fwd
9495,4wd
5996,fwd
45995,4wd
11990,rwd
11999,rwd
9000,rwd
25000,rwd
29998,4wd
4988,fwd
32990,fwd
8999,4wd
6995,fwd
34990,4wd
2995,fwd
2500,fwd
1500,fwd
31990,rwd
29990,rwd
36997,4wd
9718,4wd
1800,fwd
22590,rwd
33995,4wd
21900,rwd
14995,rwd
18995,fwd
10500,4wd
23300,rwd
2450,fwd
8500,4wd
28990,fwd
9250,fwd
29599,4wd
29990,rwd
9500,rwd
9500,4wd
22990,rwd
1700,fwd
27990,4wd
19200,fwd
1400,fwd
29950,4wd
2400,rwd
17985,4wd
6100,4wd
26995,4wd
34999,4wd
14500,fwd
5995,fwd
12000,fwd
12997,fwd
2999,fwd
21000,rwd
10925,4wd
188,fwd
11500,4wd
4250,rwd
84995,4wd
1,rwd
8995,fwd
21500,rwd
22500,4wd
29590,4wd
3300,4wd
25990,rwd
4490,4wd
9750,fwd
13333,fwd
11990,4wd
29997,4wd
23995,4wd
3500,4wd
35590,4wd
20995,fwd
12995,4wd
6995,fwd
9995,fwd
65995,4wd
43590,4wd
34990,4wd
1500,4wd
32900,4wd
26590,rwd
5996,fwd
4000,fwd
35888,4wd
22120,fwd
4500,rwd
109500,rwd
7500,4wd
31450,4wd
17750,4wd
4500,4wd
13900,fwd
25990,rwd
7400,fwd
16500,fwd
24995,4wd
4995,4wd
6995,4wd
4395,4wd
9999,4wd
28990,rwd
1,4wd
6250,fwd
27590,fwd
11900,fwd
186,4wd
23950,4wd
22999,4wd
19990,4wd
24980,4wd
15700,4wd
20500,4wd
3500,4wd
13988,fwd
21695,fwd
4850,fwd
12929,fwd
12995,fwd
5900,4wd
4200,fwd
31712,4wd
28925,rwd
39000,4wd
34590,4wd
2950,4wd
9900,fwd
36590,4wd
93450,fwd
8900,rwd
14900,rwd
17995,rwd
5700,fwd
6800,4wd
8501,4wd
17000,4wd
53999,4wd
27990,rwd
2500,fwd
23590,fwd
39990,rwd
4300,fwd
19590,fwd
24999,4wd
4200,rwd
18500,rwd
9938,fwd
37997,4wd
5800,4wd
37590,4wd
3000,rwd
19650,fwd
17871,fwd
6500,rwd
30990,rwd
48995,fwd
12498,4wd
35990,rwd
6995,4wd
38997,4wd
6500,4wd
10787,rwd
12497,fwd
11700,fwd
6900,fwd
8995,4wd
29900,rwd
6995,fwd
31999,4wd
28000,fwd
15995,rwd
37590,rwd
24500,4wd
35590,4wd
5395,rwd
38990,4wd
7499,fwd
16581,fwd
14991,fwd
16999,4wd
39990,rwd
26836,rwd
24989,4wd
13900,4wd
45900,4wd
24960,fwd
12998,4wd
29999,fwd
52491,4wd
54988,rwd
16500,fwd
18990,4wd
16495,fwd
32990,fwd
5150,fwd
21998,fwd
17500,4wd
17590,fwd
8777,fwd
3900,fwd
14000,4wd
15990,fwd
3500,4wd
46859,4wd
41980,4wd
1500,rwd
495,fwd
21950,4wd
22500,4wd
39590,rwd
8995,fwd
14995,4wd
31995,4wd
8900,fwd
5500,fwd
3700,fwd
26985,4wd
13000,4wd
15498,fwd
2800,fwd
289,fwd
27990,rwd
33995,rwd
45988,4wd
8500,fwd
14590,fwd
18997,4wd
14998,4wd
8995,rwd
28712,fwd
9975,fwd
14799,4wd
20990,4wd
15400,fwd
5995,fwd
12998,4wd
35990,rwd
45590,4wd
13999,rwd
17000,rwd
14780,4wd
3200,4wd
7850,fwd
9988,fwd
14995,fwd
15000,fwd
32995,4wd
20990,4wd
18000,rwd
39590,4wd
382,4wd
15999,fwd
19000,4wd
19980,4wd
9990,rwd
15995,4wd
41860,4wd
11999,rwd
29990,4wd
6700,fwd
1900,fwd
13000,4wd
16850,4wd
42900,4wd
43499,4wd
12000,4wd
32749,4wd
15990,fwd
7200,fwd
8000,rwd
12500,rwd
27999,4wd
25999,rwd
16590,fwd
21998,fwd
21590,fwd
8980,fwd
9999,4wd
25990,4wd
8995,fwd
6888,fwd
15000,rwd
333,4wd
13950,4wd
3400,fwd
8900,fwd
28900,4wd
43337,4wd
2995,fwd
1000,fwd
10995,4wd
12500,4wd
23995,4wd
3995,fwd
4995,fwd
36995,4wd
10995,rwd
3900,4wd
9000,fwd
18990,fwd
26591,4wd
1200,4wd
45780,4wd
51900,4wd
36995,rwd
20990,4wd
14500,rwd
10995,rwd
6975,rwd
26990,fwd
24990,4wd
7995,fwd
6495,fwd
5999,fwd
35900,4wd
31500,4wd
23000,4wd
27595,fwd
7650,rwd
19995,4wd
33990,fwd
12500,rwd
19995,4wd
15995,4wd
26590,fwd
6995,fwd
10900,rwd
12995,fwd
15950,4wd
4995,fwd
30285,4wd
24995,4wd
18990,fwd
464,4wd
9900,4wd
28997,rwd
22900,4wd
29500,fwd
12613,fwd
13488,rwd
64000,fwd
27900,rwd
10998,4wd
46990,rwd
14900,rwd
17990,4wd
13995,4wd
10995,fwd
17990,4wd
10800,fwd
14772,rwd
23690,4wd
16995,4wd
8995,fwd
7500,fwd
22000,fwd
3500,rwd
38590,rwd
13491,fwd
19000,4wd
37990,rwd
7197,fwd
4200,4wd
30000,4wd
29500,4wd
5977,fwd
32495,4wd
12500,4wd
30900,4wd
15495,fwd
15500,rwd
36989,4wd
4000,fwd
5950,fwd
63995,4wd
21990,fwd
34999,4wd
19590,fwd
8472,fwd
3000,rwd
56954,4wd
79999,4wd
1,4wd
56495,4wd
17999,4wd
11955,4wd
1,4wd
837,4wd
8300,rwd
19900,rwd
9495,fwd
2600,4wd
6999,4wd
15000,rwd
35985,rwd
35310,rwd
15998,rwd
35995,4wd
25000,rwd
15590,fwd
16950,fwd
27990,fwd
12999,fwd
6495,fwd
13500,4wd
15000,4wd
12890,4wd
26995,4wd
21000,4wd
6495,rwd
4500,fwd
36590,4wd
22000,fwd
9900,rwd
29995,4wd
5490,fwd
15990,fwd
32990,4wd
39990,4wd
200,fwd
99,4wd
49991,4wd
67050,4wd
10500,4wd
2700,fwd
65999,4wd
37590,rwd
20000,fwd
29985,rwd
19995,4wd
39900,4wd
32997,fwd
5490,4wd
18500,rwd
5495,fwd
21000,4wd
37990,rwd
29990,4wd
28995,rwd
12288,4wd
6986,fwd
18990,fwd
20999,4wd
2200,fwd
9495,fwd
15988,4wd
7000,fwd
26500,4wd
5800,4wd
11300,rwd
1,4wd
5350,fwd
9495,fwd
9999,fwd
26867,fwd
10950,rwd
12950,rwd
14500,rwd
9999,4wd
15887,fwd
8000,fwd
62940,4wd
7900,fwd
48838,4wd
32900,rwd
51180,rwd
5300,fwd
5490,fwd
64999,4wd
16999,fwd
5995,fwd
3700,fwd
7450,4wd
1500,fwd
24990,fwd
62500,rwd
6995,fwd
20000,4wd
25000,fwd
23998,fwd
1900,fwd
37590,rwd
16990,4wd
3300,4wd
7999,fwd
36900,rwd
12999,fwd
29995,4wd
17900,4wd
16995,4wd
4998,fwd
13495,4wd
27988,4wd
8600,fwd
2999,fwd
5000,rwd
600,fwd
14499,4wd
23995,4wd
6800,fwd
44999,4wd
9049,fwd
3500,fwd
15995,fwd
16500,rwd
13222,fwd
7900,fwd
8600,fwd
64000,rwd
5850,rwd
18500,fwd
6680,fwd
23495,rwd
2750,fwd
19699,4wd
4000,fwd
33882,rwd
46910,rwd
5500,4wd
33990,rwd
5900,fwd
68995,4wd
32995,4wd
34950,rwd
16500,fwd
9781,fwd
13995,fwd
4900,fwd
2999,fwd
4999,4wd
7900,rwd
23500,4wd
15995,4wd
6900,fwd
6995,fwd
5400,fwd
7470,fwd
12495,fwd
99,4wd
2900,fwd
31900,4wd
26990,rwd
1,4wd
8999,fwd
15590,fwd
48590,rwd
4950,rwd
24990,fwd
5950,fwd
14900,4wd
11500,4wd
16500,rwd
16995,rwd
12999,fwd
3300,4wd
16497,fwd
8995,fwd
10200,fwd
18998,fwd
51900,4wd
53999,4wd
22995,4wd
20990,fwd
22990,fwd
9850,4wd
9696,4wd
9695,rwd
2000,4wd
7000,fwd
29771,4wd
45000,4wd
24999,4wd
2900,fwd
11900,4wd
451,4wd
2500,fwd
32990,4wd
3500,fwd
5900,fwd
6999,4wd
9500,4wd
3000,fwd
54995,4wd
32990,4wd
13999,4wd
5900,rwd
2995,4wd
15900,4wd
15990,rwd
15990,fwd
32110,fwd
44997,4wd
20590,fwd
2000,4wd
21990,fwd
6488,fwd
6300,rwd
29900,4wd
26990,rwd
39997,rwd
10995,4wd
17990,4wd
20995,4wd
28590,fwd
3700,rwd
27990,4wd
31990,rwd
56725,4wd
19999,4wd
21983,rwd
7499,4wd
5800,rwd
39000,4wd
4950,fwd
43900,fwd
11790,fwd
30000,4wd
44500,rwd
15888,rwd
28995,4wd
18590,fwd
21000,rwd
250,4wd
26590,rwd
425,4wd
56499,4wd
30900,4wd
8900,rwd
8500,rwd
18990,fwd
24990,4wd
357,4wd
1888,4wd
13500,rwd
750,rwd
15995,4wd
5450,rwd
18500,fwd
26400,4wd
8897,fwd
7995,fwd
4800,4wd
13295,4wd
5995,4wd
14500,4wd
36590,4wd
6999,fwd
5495,4wd
54995,4wd
18888,4wd
38955,4wd
2690,rwd
167,fwd
19500,fwd
13595,fwd
12900,fwd
36500,rwd
9500,rwd
24990,rwd
64995,rwd
42590,rwd
12900,4wd
26998,rwd
4999,4wd
9995,fwd
31990,rwd
25498,4wd
10999,4wd
39995,4wd
29991,4wd
13995,fwd
2800,fwd
7490,fwd
22990,rwd
8888,fwd
20000,rwd
4000,fwd
9995,4wd
34590,4wd
9400,fwd
6500,rwd
32998,fwd
59998,rwd
5950,fwd
13999,fwd
7500,fwd
16000,fwd
5000,fwd
39990,rwd
23998,rwd
8499,fwd
35000,4wd
15995,4wd
20995,4wd
22167,4wd
39590,rwd
32988,4wd
14990,rwd
13900,4wd
30990,rwd
19995,4wd
2000,fwd
33995,rwd
13900,fwd
16590,fwd
19999,4wd
3195,fwd
9750,fwd
7295,fwd
11988,4wd
16995,4wd
52000,4wd
68995,4wd
3995,rwd
8997,fwd
16995,fwd
9499,4wd
3950,rwd
20590,rwd
47900,4wd
17088,fwd
35590,4wd
9795,fwd
4995,fwd
6700,fwd
7958,fwd
22990,rwd
14888,fwd
25849,fwd
4450,fwd
5990,4wd
22990,rwd
22900,fwd
9500,4wd
19900,fwd
23981,fwd
6975,rwd
2995,fwd
17950,4wd
900,fwd
79998,4wd
24590,4wd
8500,fwd
45990,4wd
8200,4wd
21931,4wd
34943,4wd
4000,fwd
21000,4wd
12995,4wd
12995,rwd
8000,4wd
39950,rwd
4495,fwd
62999,4wd
7300,rwd
9800,4wd
28899,4wd
43998,4wd
19958,fwd
15500,rwd
10499,4wd
504,4wd
12795,fwd
11590,fwd
31874,4wd
33499,4wd
46495,4wd
24940,fwd
27990,rwd
22900,rwd
26500,rwd
169,fwd
6500,4wd
167,fwd
34900,4wd
28000,4wd
10995,fwd
9694,fwd
27000,rwd
35880,rwd
8995,fwd
2700,4wd
18900,4wd
3500,4wd
4000,fwd
39999,4wd
19991,rwd
14991,rwd
11500,rwd
28995,rwd
28900,rwd
5990,4wd
8995,4wd
4995,4wd
21590,fwd
14995,4wd
13000,4wd
6990,fwd
18000,rwd
34850,4wd
28000,rwd
21800,4wd
7995,rwd
28998,rwd
4000,4wd
15888,4wd
13590,fwd
22111,fwd
4500,fwd
41998,4wd
26980,4wd
10995,fwd
6995,fwd
2995,4wd
3950,fwd
28590,fwd
16500,4wd
50980,4wd
25500,fwd
46900,4wd
21000,fwd
50995,4wd
16995,4wd
36590,fwd
700,4wd
790,4wd
39990,rwd
31995,4wd
22590,fwd
51999,4wd
8000,4wd
20990,fwd
14600,4wd
6995,fwd
6850,4wd
4000,rwd
23990,fwd
57321,4wd
33990,4wd
38990,4wd
8500,fwd
7200,rwd
33995,4wd
35735,rwd
12500,4wd
15400,fwd
10495,fwd
24999,rwd
8900,4wd
19497,rwd
8950,fwd
28000,rwd
18844,4wd
206,fwd
6800,fwd
13590,fwd
13999,rwd
49628,4wd
52990,4wd
1,4wd
3000,4wd
4500,fwd
26995,rwd
14400,rwd
15990,rwd
16997,4wd
24995,4wd
18990,fwd
46995,rwd
4999,4wd
20990,4wd
15000,4wd
15995,4wd
33991,rwd
33990,4wd
10810,rwd
59995,4wd
7000,fwd
7900,4wd
6995,4wd
20500,4wd
1900,rwd
24590,fwd
15000,rwd
20850,4wd
16942,fwd
18999,4wd
23990,4wd
3900,fwd
14499,rwd
6995,fwd
23995,4wd
71938,4wd
30590,rwd
15372,4wd
99,fwd
3900,fwd
9487,rwd
5500,fwd
32988,4wd
28933,fwd
5445,fwd
14950,rwd
8500,fwd
17999,4wd
9820,fwd
4900,fwd
48995,4wd
8995,fwd
7000,4wd
39999,4wd
17900,4wd
19990,fwd
39988,4wd
28988,4wd
10253,fwd
12000,4wd
38732,4wd
15000,4wd
6500,rwd
10898,4wd
5500,fwd
6500,rwd
3999,fwd
5000,fwd
30999,4wd
23000,fwd
9999,4wd
35590,rwd
13950,4wd
21988,rwd
32000,4wd
31900,4wd
11999,fwd
31990,4wd
10810,rwd
41900,4wd
33990,fwd
26998,fwd
28990,4wd
4900,4wd
36999,4wd
6978,fwd
49999,4wd
32990,rwd
900,fwd
20488,4wd
44999,4wd
11700,fwd
25990,fwd
43995,4wd
8495,4wd
38990,4wd
6900,fwd
4995,fwd
1000,fwd
25990,4wd
27500,rwd
12500,rwd
10000,fwd
34990,rwd
35000,rwd
4000,4wd
17500,4wd
4900,4wd
38999,4wd
15500,rwd
1500,4wd
23998,4wd
37990,4wd
33200,4wd
32500,4wd
41480,4wd
17600,fwd
30990,4wd
5699,fwd
1,4wd
20311,fwd
11999,fwd
4000,rwd
5990,fwd
36999,4wd
4900,4wd
29995,4wd
8450,fwd
5500,fwd
4999,fwd
11975,4wd
39000,4wd
57999,4wd
24990,fwd
6499,fwd
7750,4wd
8999,4wd
2000,fwd
38615,4wd
5995,4wd
33995,rwd
8700,fwd
22995,fwd
6800,fwd
12990,4wd
13900,fwd
31990,4wd
13931,fwd
7500,4wd
38900,4wd
5999,4wd
10999,rwd
26982,fwd
5900,fwd
16599,rwd
15000,4wd
2200,fwd
19995,4wd
32990,4wd
3495,fwd
3475,fwd
34590,rwd
6800,fwd
27990,rwd
19590,fwd
38250,4wd
6000,rwd
33590,4wd
39590,rwd
674,4wd
16998,fwd
4495,4wd
32895,4wd
23997,rwd
30590,rwd
14900,4wd
46995,4wd
13495,rwd
3500,rwd
9988,rwd
31990,4wd
11495,fwd
32000,4wd
58995,4wd
22995,rwd
59895,4wd
2400,fwd
18826,fwd
10995,fwd
13000,rwd
23688,rwd
17995,fwd
16995,4wd
41995,4wd
8925,4wd
8900,4wd
30990,fwd
7495,4wd
45000,4wd
21998,4wd
13988,4wd
14480,4wd
7000,4wd
10000,fwd
5800,fwd
35000,rwd
7900,fwd
1150,4wd
9850,fwd
24590,fwd
7600,4wd
23995,4wd
18495,rwd
10000,4wd
35900,fwd
37995,4wd
22900,4wd
14999,rwd
51000,rwd
53988,rwd
24990,rwd
16995,fwd
2800,fwd
8550,rwd
17995,4wd
26999,rwd
31900,4wd
13990,4wd
33995,4wd
5000,4wd
775,4wd
18990,fwd
31111,fwd
6000,rwd
14699,4wd
35995,4wd
14388,fwd
25990,fwd
18800,4wd
36955,4wd
17590,fwd
18950,fwd
19995,4wd
7995,fwd
37500,rwd
41990,rwd
4500,4wd
13995,fwd
8728,4wd
21000,4wd
21990,rwd
18500,fwd
11500,rwd
8999,fwd
17900,4wd
26990,4wd
9950,4wd
26901,rwd
30000,4wd
9995,4wd
24999,4wd
20795,4wd
25900,4wd
21590,fwd
43988,4wd
8950,fwd
26999,fwd
36455,4wd
7900,fwd
22995,4wd
25590,fwd
59999,4wd
5495,fwd
20000,rwd
25985,rwd
512,4wd
16995,fwd
20995,4wd
48999,4wd
24995,4wd
4600,fwd
10500,rwd
14999,fwd
42000,rwd
9998,fwd
2000,fwd
27988,fwd
9900,4wd
2000,rwd
23590,rwd
15990,fwd
19997,4wd
10000,4wd
19500,rwd
40998,4wd
28500,4wd
999,fwd
23990,4wd
44995,4wd
8500,4wd
12995,fwd
7450,fwd
24995,fwd
130,fwd
4800,rwd
15998,4wd
13995,rwd
35000,4wd
36990,fwd
13990,4wd
3000,fwd
5900,fwd
9900,4wd
8000,4wd
17800,4wd
32590,rwd
28990,fwd
26990,4wd
32777,4wd
9597,fwd
38990,fwd
17998,4wd
39590,rwd
16997,fwd
862,4wd
49750,4wd
30995,4wd
1,4wd
3500,fwd
13995,4wd
2900,rwd
19906,4wd
62279,4wd
27988,4wd
528,4wd
33990,rwd
38995,4wd
16590,fwd
45000,4wd
24990,4wd
14995,rwd
2500,4wd
20990,fwd
9495,fwd
36999,4wd
38500,rwd
11990,fwd
7990,4wd
5500,fwd
5300,fwd
19200,4wd
17999,4wd
9999,fwd
39590,4wd
19491,fwd
24590,rwd
14499,4wd
34590,4wd
4800,fwd
12995,fwd
43900,4wd
11450,fwd
16000,fwd
225,fwd
348,fwd
17995,fwd
3900,4wd
31590,rwd
15000,rwd
24000,fwd
20900,4wd
18500,rwd
4200,fwd
20000,rwd
8000,4wd
10307,fwd
41999,4wd
54999,4wd
28590,fwd
9300,fwd
33590,4wd
34900,rwd
3999,fwd
43990,4wd
17995,fwd
7377,rwd
14885,4wd
12995,4wd
8595,fwd
13998,rwd
18999,fwd
8000,rwd
13700,rwd
18990,fwd
12995,fwd
59995,4wd
6995,fwd
24990,4wd
22000,rwd
27990,4wd
5000,fwd
24990,fwd
39995,4wd
107,fwd
13885,fwd
12500,fwd
9982,fwd
18495,4wd
20500,4wd
9200,rwd
20500,4wd
8900,4wd
27900,rwd
29905,rwd
10500,4wd
20950,fwd
10900,fwd
3775,fwd
38449,4wd
20995,4wd
10999,fwd
51990,4wd
11800,fwd
23995,4wd
6999,4wd
7999,4wd
12500,fwd
65900,4wd
18000,4wd
10895,rwd
7000,rwd
4990,4wd
38480,4wd
16499,fwd
7000,4wd
8950,4wd
35999,4wd
12724,4wd
37995,4wd
3800,4wd
41999,4wd
11991,fwd
38999,4wd
2995,4wd
5899,fwd
5500,fwd
2500,rwd
30426,rwd
52550,4wd
12983,4wd
37973,4wd
6995,fwd
2900,fwd
11672,rwd
13995,fwd
49590,4wd
36590,4wd
28990,rwd
4300,4wd
15898,4wd
16995,fwd
12990,fwd
432,4wd
38400,fwd
14981,4wd
32000,4wd
7195,fwd
4500,4wd
17590,fwd
18995,fwd
28500,4wd
4991,4wd
23495,rwd
21590,rwd
12500,4wd
12997,fwd
8888,rwd
36000,4wd
3000,rwd
5600,fwd
7500,fwd
7500,rwd
33990,rwd
8995,fwd
23995,4wd
3500,fwd
14990,fwd
19990,fwd
142997,4wd
32000,4wd
3500,rwd
5450,4wd
5495,fwd
33988,4wd
7000,4wd
336,4wd
33888,4wd
3395,4wd
14945,fwd
11999,rwd
13999,fwd
14950,4wd
42000,4wd
7499,fwd
12985,4wd
7850,4wd
18990,fwd
45300,4wd
13375,fwd
14500,4wd
3999,4wd
28990,4wd
24995,4wd
4600,4wd
41000,fwd
2900,fwd
13900,4wd
21990,fwd
5000,4wd
16798,4wd
18010,fwd
38990,rwd
9995,rwd
7900,4wd
32995,4wd
38990,rwd
1995,fwd
23995,4wd
35999,4wd
18990,rwd
5995,fwd
1,rwd
8995,fwd
32999,4wd
28590,rwd
31590,fwd
19995,4wd
16590,fwd
29990,fwd
29590,4wd
4995,4wd
7400,4wd
22998,4wd
21998,fwd
24990,rwd
31999,4wd
323,rwd
20495,fwd
3500,rwd
1,4wd
33995,4wd
20991,4wd
32995,4wd
16998,4wd
10500,rwd
1850,4wd
5000,fwd
14000,rwd
6900,fwd
39337,4wd
14999,4wd
24794,4wd
25590,4wd
22888,rwd
11995,rwd
4999,4wd
4995,fwd
26225,4wd
49990,4wd
26900,fwd
2700,4wd
13499,4wd
11500,4wd
15590,4wd
9995,4wd
29590,4wd
12990,4wd
4400,4wd
57990,rwd
28000,rwd
3500,4wd
25980,4wd
3200,4wd
10500,fwd
14850,rwd
39999,4wd
30990,fwd
48999,4wd
7998,fwd
18590,rwd
3000,fwd
2995,4wd
25999,rwd
409,4wd
11995,fwd
3495,fwd
49990,4wd
19998,fwd
29990,rwd
3499,rwd
34608,4wd
44997,4wd
35590,4wd
7800,fwd
95888,rwd
4995,fwd
17990,fwd
27995,4wd
13480,fwd
9990,fwd
3000,fwd
7900,rwd
8500,fwd
10500,rwd
14495,rwd
33891,rwd
4900,fwd
8250,fwd
16950,4wd
23900,4wd
21990,rwd
24995,fwd
23777,fwd
6000,rwd
32999,4wd
7497,4wd
15500,fwd
2500,4wd
25000,rwd
17950,4wd
37990,rwd
6000,rwd
13888,4wd
995,fwd
39590,rwd
21000,rwd
12395,rwd
23995,fwd
5500,fwd
5500,rwd
14990,rwd
760,4wd
5500,fwd
21925,4wd
13995,fwd
15795,4wd
6000,fwd
7800,4wd
4200,fwd
23999,4wd
21831,fwd
12823,fwd
12995,fwd
4500,4wd
36995,4wd
6999,fwd
37998,4wd
8499,fwd
31990,rwd
39900,4wd
39000,4wd
31495,4wd
3500,fwd
14000,rwd
6900,fwd
6500,fwd
31995,4wd
17872,rwd
39590,rwd
7495,fwd
14000,rwd
13590,fwd
34990,4wd
16990,fwd
10650,4wd
17590,4wd
11999,rwd
39900,4wd
1700,4wd
21500,4wd
8495,4wd
34199,4wd
26590,4wd
20475,4wd
29500,rwd
27900,4wd
9995,4wd
8999,fwd
20000,fwd
17590,fwd
15990,fwd
31990,rwd
200,fwd
10995,fwd
17411,fwd
19990,rwd
40590,4wd
44990,rwd
10000,4wd
10995,4wd
3000,fwd
69999,4wd
20990,fwd
20500,fwd
4400,fwd
29697,4wd
43990,4wd
47990,rwd
37990,rwd
7800,fwd
22590,fwd
1,rwd
5500,4wd
24999,fwd
15995,4wd
45990,rwd
22998,4wd
28990,4wd
23995,rwd
12495,4wd
13980,4wd
2488,4wd
33990,4wd
10900,4wd
18922,fwd
6995,4wd
7995,4wd
38500,4wd
82999,4wd
5790,fwd
32990,rwd
6499,4wd
34990,4wd
34991,4wd
41590,fwd
10800,fwd
79999,4wd
10000,4wd
8654,fwd
8500,rwd
10995,4wd
7991,rwd
28990,rwd
4995,fwd
27999,4wd
6900,fwd
25000,4wd
11999,4wd
3999,fwd
16590,4wd
35500,4wd
11900,fwd
8750,fwd
5950,4wd
171,fwd
7598,4wd
16999,4wd
11800,fwd
6990,fwd
11995,4wd
13995,rwd
69999,4wd
34285,4wd
9988,fwd
14500,rwd
7500,fwd
28998,fwd
16590,fwd
14990,fwd
11986,fwd
12399,fwd
16590,rwd
4790,4wd
4999,rwd
25990,fwd
18590,fwd
18000,4wd
8995,4wd
36990,4wd
7500,fwd
39995,4wd
5499,fwd
9995,4wd
1,4wd
42995,4wd
29990,4wd
39995,4wd
11980,fwd
23989,4wd
2600,fwd
22990,rwd
8900,fwd
30000,4wd
8200,fwd
18995,fwd
2999,fwd
4450,fwd
7500,rwd
38990,4wd
31995,4wd
29592,4wd
7995,fwd
3965,4wd
7950,fwd
34500,4wd
8980,rwd
7000,fwd
34477,4wd
49990,4wd
29495,4wd
11600,4wd
6700,fwd
3500,fwd
7373,4wd
15824,rwd
9500,rwd
3000,fwd
38990,rwd
17300,4wd
2325,fwd
5400,fwd
22590,rwd
24800,rwd
38988,4wd
19999,4wd
18590,fwd
419,4wd
18000,rwd
14495,rwd
10995,fwd
8500,rwd
23500,4wd
37590,4wd
7000,fwd
17950,4wd
5200,fwd
8900,fwd
2977,fwd
47999,4wd
7250,fwd
9495,fwd
31999,4wd
22995,fwd
13000,4wd
18500,fwd
22590,fwd
11200,4wd
35990,4wd
5000,4wd
16991,fwd
4495,fwd
7500,fwd
23900,4wd
9995,rwd
34590,rwd
601,4wd
36999,4wd
17000,fwd
324,4wd
10000,4wd
14950,fwd
20949,4wd
15999,fwd
14000,rwd
9800,4wd
11950,rwd
2995,fwd
20000,fwd
13995,4wd
19590,4wd
17990,fwd
9990,rwd
12875,4wd
16995,fwd
25988,4wd
2995,fwd
12981,fwd
45932,4wd
10495,fwd
21901,4wd
16985,4wd
8900,4wd
14990,fwd
33440,rwd
4400,fwd
13995,rwd
4500,rwd
38590,rwd
4495,fwd
25990,4wd
4450,fwd
8995,fwd
45999,4wd
41588,4wd
18995,rwd
26990,rwd
2600,4wd
48495,4wd
23850,4wd
16988,4wd
18262,fwd
13991,fwd
3499,4wd
3900,fwd
39990,rwd
15691,fwd
3400,fwd
21500,fwd
13995,4wd
22995,rwd
5900,4wd
11999,4wd
13971,fwd
36988,4wd
13000,fwd
9500,rwd
23995,rwd
5700,rwd
6900,4wd
7000,fwd
1500,fwd
2700,fwd
11399,fwd
23995,4wd
5100,rwd
1200,4wd
17468,fwd
8700,fwd
22000,4wd
11995,4wd
26999,4wd
7200,fwd
200,fwd
8995,fwd
19590,fwd
27500,rwd
41590,fwd
5995,fwd
13900,4wd
21552,4wd
38999,4wd
9995,4wd
8495,rwd
4195,fwd
18500,4wd
4500,fwd
52988,rwd
15000,4wd
36990,4wd
36950,4wd
30995,4wd
3500,fwd
45225,4wd
99,4wd
10989,4wd
8999,rwd
8980,rwd
1700,fwd
4995,4wd
33995,fwd
16900,4wd
39990,rwd
33590,rwd
5800,4wd
9999,rwd
9900,fwd
18995,fwd
17250,4wd
14990,fwd
6400,rwd
9995,fwd
28990,4wd
9985,4wd
26475,rwd
139950,rwd
15000,rwd
36990,4wd
1,rwd
23900,4wd
18999,4wd
10810,rwd
29990,4wd
15590,fwd
17500,rwd
9372,4wd
4997,fwd
12900,rwd
999,fwd
27500,rwd
16999,rwd
4500,4wd
28995,rwd
6800,fwd
7995,fwd
75995,4wd
14500,4wd
18000,4wd
8990,rwd
9200,fwd
4990,fwd
100000,4wd
29995,4wd
38990,rwd
39999,4wd
29140,fwd
27500,4wd
53995,4wd
22590,fwd
11995,fwd
36490,rwd
65950,4wd
11000,fwd
63995,4wd
9850,rwd
36200,rwd
39990,fwd
27590,rwd
40988,4wd
23950,4wd
12990,4wd
6999,rwd
3400,fwd
11500,fwd
8497,4wd
3899,4wd
10800,fwd
8900,fwd
9700,fwd
7500,fwd
10000,4wd
43250,4wd
45965,4wd
33995,4wd
35990,rwd
15995,fwd
12500,rwd
24995,4wd
14990,fwd
15495,4wd
42500,4wd
10000,4wd
7500,4wd
14900,fwd
5995,fwd
8900,fwd
460,4wd
24500,rwd
9995,fwd
6500,4wd
12500,rwd
14590,fwd
32990,rwd
35980,4wd
53995,4wd
18590,fwd
11995,fwd
36495,4wd
4000,4wd
7995,rwd
8999,fwd
38590,4wd
35310,rwd
25499,4wd
4200,fwd
22999,4wd
8990,rwd
8499,fwd
15500,rwd
27990,fwd
26995,4wd
4495,fwd
15995,4wd
33989,rwd
12991,4wd
19988,fwd
26000,rwd
28990,4wd
69850,4wd
42500,4wd
36999,4wd
38590,rwd
13950,4wd
900,fwd
27990,4wd
11895,fwd
4500,4wd
42995,4wd
38750,rwd
7950,fwd
34590,4wd
7500,4wd
24590,fwd
46999,4wd
13555,fwd
26962,4wd
51000,4wd
21995,rwd
7990,fwd
53550,fwd
38590,rwd
8995,4wd
13500,4wd
15590,fwd
10980,fwd
4950,4wd
2150,fwd
8950,fwd
17990,fwd
13500,fwd
80999,rwd
7990,4wd
32990,rwd
6900,4wd
10495,fwd
11995,4wd
20267,rwd
10500,fwd
16995,rwd
14999,4wd
4500,4wd
25990,rwd
18590,fwd
20999,4wd
28690,4wd
44997,4wd
10695,fwd
11295,4wd
36995,rwd
25700,4wd
32000,rwd
19906,4wd
9995,4wd
21590,fwd
20990,fwd
27990,rwd
29995,4wd
24995,4wd
27900,rwd
26500,4wd
8400,fwd
7988,fwd
14590,fwd
14259,fwd
8900,rwd
14500,4wd
6700,fwd
57495,4wd
14000,rwd
5999,4wd
11990,4wd
9900,fwd
24990,rwd
2999,fwd
8000,fwd
13995,fwd
4995,fwd
11850,fwd
17950,4wd
41998,4wd
4000,rwd
22977,4wd
27995,4wd
44997,4wd
19850,rwd
15000,fwd
21888,4wd
4900,fwd
34388,4wd
26990,fwd
25590,4wd
13500,fwd
8850,fwd
9988,fwd
7900,4wd
11295,fwd
31990,fwd
35500,4wd
27590,fwd
11500,4wd
4988,rwd
9700,4wd
8295,fwd
12980,rwd
44800,rwd
3800,4wd
9997,4wd
9990,rwd
15888,4wd
18000,4wd
6995,4wd
4300,4wd
12930,4wd
26998,rwd
28590,rwd
2999,rwd
2000,rwd
8988,4wd
33990,4wd
10999,fwd
16899,4wd
16900,4wd
21990,fwd
4900,fwd
19990,fwd
7995,4wd
17590,rwd
29971,4wd
6490,fwd
15990,fwd
700,fwd
18738,4wd
3800,rwd
41990,rwd
3900,fwd
10750,fwd
9800,4wd
5950,fwd
11990,fwd
6999,4wd
34999,4wd
24988,4wd
18990,fwd
21590,fwd
46638,4wd
15000,4wd
15999,4wd
7500,4wd
41990,rwd
3800,4wd
15997,fwd
39995,4wd
68900,4wd
17498,rwd
1700,rwd
5800,rwd
18999,fwd
19900,4wd
49985,4wd
10900,fwd
7995,fwd
26990,4wd
25990,rwd
35888,4wd
32950,4wd
22988,rwd
48999,4wd
26990,fwd
12990,4wd
6500,4wd
8998,fwd
23991,fwd
18999,4wd
3400,rwd
31999,4wd
6495,fwd
16000,rwd
8000,rwd
16,rwd
21399,4wd
14980,4wd
28999,rwd
21990,fwd
9995,4wd
37888,4wd
5600,4wd
28990,rwd
6500,fwd
7995,rwd
36985,4wd
16995,fwd
10995,fwd
20444,4wd
5999,fwd
4600,4wd
14988,rwd
10000,rwd
5850,fwd
17995,fwd
17500,rwd
23900,4wd
3200,fwd
16990,4wd
66991,4wd
17757,4wd
4489,fwd
23990,fwd
36990,4wd
15999,4wd
2995,fwd
22495,fwd
12995,4wd
19999,rwd
4500,rwd
15590,fwd
31590,rwd
8995,4wd
39999,4wd
900,fwd
39500,4wd
16500,4wd
8850,fwd
8995,fwd
2000,rwd
1800,fwd
4490,4wd
9995,fwd
26750,4wd
15499,4wd
8995,fwd
15995,rwd
57995,4wd
22995,4wd
9995,4wd
18590,fwd
30990,4wd
74999,4wd
6900,4wd
28990,4wd
16495,4wd
42999,4wd
4000,fwd
6499,fwd
26499,fwd
7000,fwd
15694,rwd
10000,rwd
39990,4wd
14000,fwd
17350,rwd
33777,4wd
14990,fwd
4995,fwd
123456,fwd
31990,4wd
264,4wd
36488,4wd
20590,fwd
27999,4wd
14900,4wd
6500,rwd
28590,rwd
2995,fwd
30998,4wd
13949,fwd
34999,4wd
3500,4wd
41590,fwd
49995,4wd
14500,fwd
11000,4wd
30000,rwd
3200,4wd
43500,4wd
6400,fwd
16999,4wd
11995,rwd
4500,fwd
10000,rwd
3600,fwd
18990,fwd
45995,4wd
4200,fwd
1475,4wd
3450,fwd
10495,4wd
22000,fwd
38990,fwd
599,fwd
9988,fwd
15499,fwd
2395,rwd
24985,4wd
89995,rwd
21995,4wd
13977,rwd
11699,4wd
11995,rwd
27995,4wd
14995,4wd
19590,fwd
26590,rwd
27950,4wd
6500,fwd
1,4wd
30595,4wd
19991,fwd
9499,fwd
21900,fwd
4250,4wd
7500,fwd
4100,fwd
5995,4wd
38590,4wd
14995,fwd
49990,4wd
72995,4wd
17995,rwd
14900,rwd
32990,4wd
9997,fwd
27995,4wd
4400,fwd
7995,fwd
49995,4wd
7900,fwd
35597,4wd
361,rwd
12491,fwd
3500,4wd
6995,4wd
4995,fwd
31990,4wd
30590,rwd
6995,fwd
7500,rwd
57000,4wd
19964,fwd
10864,4wd
16500,fwd
7399,4wd
900,fwd
11697,4wd
19900,fwd
13500,rwd
13500,fwd
43999,rwd
17777,fwd
13400,4wd
5998,4wd
26800,4wd
9195,fwd
77999,4wd
25990,4wd
8699,fwd
17923,fwd
36595,4wd
18938,fwd
16442,fwd
12900,rwd
26995,rwd
38990,4wd
6975,rwd
41900,rwd
46969,4wd
36974,4wd
9985,4wd
26999,4wd
15900,rwd
16500,fwd
56995,4wd
8750,4wd
15888,4wd
9995,4wd
7995,fwd
3500,fwd
22000,4wd
8000,rwd
23995,4wd
23332,4wd
15995,4wd
3995,fwd
33990,4wd
17990,fwd
17990,fwd
15000,4wd
17995,4wd
12000,fwd
4500,rwd
8995,fwd
9495,fwd
6495,fwd
28929,4wd
6893,rwd
20590,fwd
5700,rwd
6750,4wd
10988,rwd
19995,rwd
12000,4wd
24972,rwd
4000,4wd
11999,fwd
36988,4wd
10500,rwd
14995,4wd
13600,4wd
30990,4wd
22997,4wd
9990,fwd
15590,rwd
14995,4wd
5900,fwd
5600,4wd
8500,4wd
34999,4wd
15575,rwd
39590,4wd
10450,fwd
4700,4wd
19991,fwd
26988,4wd
62951,4wd
541,4wd
11555,fwd
10500,4wd
13995,4wd
8971,fwd
5750,4wd
15999,4wd
16427,fwd
26000,4wd
15450,rwd
19495,4wd
5200,rwd
24995,4wd
38900,fwd
4000,rwd
4000,4wd
11999,fwd
29900,4wd
9959,fwd
46999,4wd
24499,rwd
18998,fwd
13500,4wd
4600,fwd
7951,4wd
20900,4wd
11995,4wd
16990,4wd
37990,rwd
1300,fwd
26995,rwd
37000,4wd
8995,4wd
1000,fwd
16999,rwd
11995,rwd
29990,rwd
8200,rwd
40963,4wd
20998,4wd
25998,fwd
41995,4wd
22590,fwd
21590,fwd
28995,fwd
19998,rwd
7200,4wd
28990,4wd
27995,rwd
35995,rwd
10995,4wd
37994,fwd
24995,4wd
28995,rwd
39999,4wd
6795,fwd
55990,4wd
27000,4wd
4995,fwd
9975,fwd
17900,fwd
17997,fwd
68777,4wd
17850,4wd
16990,fwd
12495,fwd
3500,4wd
19066,fwd
40298,4wd
8200,4wd
29400,fwd
9990,4wd
11900,rwd
14799,fwd
6500,rwd
40990,4wd
23995,4wd
19990,rwd
8995,4wd
29995,4wd
8000,fwd
26900,fwd
4495,4wd
7995,4wd
16985,4wd
4400,fwd
23980,4wd
14495,fwd
14995,4wd
61998,4wd
3950,fwd
28980,fwd
8995,fwd
4800,rwd
15990,fwd
16995,4wd
26990,fwd
20900,fwd
22500,rwd
1250,4wd
76000,4wd
7977,4wd
3000,4wd
219,4wd
11000,4wd
22995,4wd
45990,rwd
18590,fwd
15990,fwd
39990,rwd
15497,rwd
29999,4wd
10500,4wd
5200,4wd
24990,fwd
17000,rwd
10999,fwd
9950,fwd
3000,4wd
26990,fwd
2900,fwd
19988,4wd
5995,4wd
5000,fwd
37590,rwd
24990,rwd
23990,fwd
56687,4wd
15990,fwd
18590,fwd
8950,fwd
264,fwd
3950,fwd
3795,4wd
669,4wd
31590,rwd
40990,4wd
22389,fwd
17900,4wd
6700,fwd
24950,4wd
76480,rwd
22500,4wd
12995,4wd
17651,rwd
37590,fwd
13980,4wd
29990,4wd
4500,fwd
35000,rwd
35900,fwd
7200,4wd
5998,4wd
12540,fwd
7495,fwd
1200,4wd
39946,rwd
43991,4wd
4200,fwd
37500,rwd
39990,fwd
10890,rwd
27990,rwd
18990,fwd
21998,fwd
29999,4wd
12988,fwd
8450,4wd
59999,4wd
15995,rwd
23498,fwd
21590,fwd
56995,4wd
9000,rwd
11698,fwd
10981,fwd
21590,fwd
19990,4wd
14999,rwd
15761,fwd
13995,fwd
17495,4wd
29900,rwd
25590,rwd
10995,rwd
3900,fwd
6995,fwd
7450,fwd
44512,4wd
27995,4wd
9995,fwd
28997,fwd
26630,fwd
5200,rwd
33990,4wd
12038,rwd
7250,fwd
8500,fwd
14495,4wd
15995,4wd
4995,fwd
1200,fwd
1,4wd
19991,fwd
46888,4wd
1000,fwd
7500,rwd
14600,rwd
22500,4wd
12411,4wd
24590,fwd
12995,fwd
12000,fwd
9999,rwd
8945,fwd
14750,fwd
53990,rwd
17995,rwd
25960,4wd
1,rwd
8995,4wd
35590,4wd
7990,4wd
9995,4wd
29990,rwd
23988,rwd
17995,4wd
12999,4wd
4495,fwd
6995,fwd
6250,fwd
25000,rwd
48995,fwd
16500,4wd
18894,4wd
19991,4wd
34999,4wd
5500,fwd
14747,4wd
1995,fwd
8950,fwd
31870,fwd
6200,fwd
16750,rwd
24995,4wd
2000,fwd
4995,fwd
32000,4wd
15301,rwd
11000,fwd
7997,fwd
18990,rwd
16900,fwd
22900,rwd
37500,4wd
20995,4wd
5995,4wd
16900,fwd
51025,rwd
36900,rwd
29500,4wd
23590,fwd
17900,rwd
14900,4wd
16995,fwd
21998,fwd
15990,fwd
18000,rwd
43001,4wd
7498,fwd
2650,4wd
1900,fwd
13500,4wd
4999,fwd
25000,fwd
17500,4wd
5900,4wd
16995,fwd
1200,fwd
16999,fwd
9918,fwd
8999,fwd
40917,4wd
9595,fwd
53999,4wd
15995,4wd
11000,rwd
2650,fwd
19999,4wd
16599,fwd
17590,fwd
14990,fwd
41590,rwd
29995,4wd
20921,fwd
34988,4wd
9000,4wd
16995,4wd
7900,rwd
22590,rwd
29990,rwd
348,rwd
14987,fwd
53950,4wd
7500,fwd
187,fwd
22995,fwd
34990,4wd
20971,fwd
47995,4wd
29995,4wd
81999,4wd
39590,rwd
8500,rwd
23900,rwd
12900,4wd
5000,4wd
3500,fwd
24990,rwd
9995,4wd
12900,4wd
26990,fwd
17990,fwd
99,4wd
16990,4wd
17998,rwd
41900,4wd
9650,rwd
17367,4wd
10500,fwd
30499,rwd
43845,4wd
38998,4wd
4888,rwd
58900,4wd
9497,4wd
14500,4wd
39590,fwd
32980,4wd
26990,4wd
18900,4wd
1000,4wd
12995,4wd
7995,4wd
3500,4wd
6500,rwd
54999,4wd
34590,4wd
28900,rwd
1988,fwd
47974,4wd
28995,4wd
34995,4wd
41999,4wd
15590,fwd
27590,fwd
4000,4wd
29990,4wd
13225,4wd
17590,fwd
24988,4wd
21998,rwd
10995,4wd
29999,4wd
6272,4wd
7498,4wd
2995,fwd
8995,fwd
26495,fwd
5495,4wd
13250,rwd
30990,4wd
4499,fwd
5000,fwd
4999,fwd
17500,fwd
4500,fwd
5950,4wd
11500,4wd
10900,4wd
4200,fwd
8900,fwd
40990,4wd
8997,fwd
42900,4wd
14980,rwd
19590,fwd
14990,fwd
55995,4wd
29990,4wd
23995,4wd
4950,fwd
30849,4wd
16960,4wd
19995,4wd
3995,fwd
20590,fwd
32999,4wd
17990,fwd
5600,fwd
36990,4wd
6995,rwd
500,fwd
14995,rwd
6995,fwd
13885,fwd
6200,fwd
11000,fwd
21997,rwd
6995,4wd
10997,fwd
26149,4wd
27995,4wd
23900,fwd
6995,4wd
3600,fwd
16995,rwd
17000,4wd
14900,4wd
12000,4wd
19990,rwd
8500,4wd
28998,fwd
7999,rwd
39998,4wd
44299,4wd
21583,rwd
37990,rwd
19500,4wd
35999,4wd
4500,fwd
20990,fwd
10000,4wd
21995,rwd
17997,fwd
800,4wd
217,4wd
9999,4wd
1,4wd
6990,fwd
3995,fwd
9800,fwd
15990,fwd
36999,4wd
18900,4wd
4995,fwd
24990,4wd
27990,fwd
7995,rwd
12900,4wd
44900,4wd
1850,fwd
24500,4wd
23500,fwd
39990,4wd
7990,rwd
6900,4wd
8900,4wd
7495,fwd
12998,rwd
30990,rwd
14950,4wd
32995,4wd
31999,4wd
25995,4wd
2500,4wd
3195,rwd
12495,fwd
5500,fwd
8199,fwd
26000,4wd
5500,4wd
14000,rwd
5995,4wd
7995,fwd
82950,rwd
27299,4wd
4495,fwd
3150,fwd
9257,fwd
17990,fwd
24990,fwd
9500,4wd
38590,fwd
43590,4wd
6700,fwd
13900,4wd
10980,fwd
28900,4wd
5250,fwd
34999,rwd
37856,4wd
6975,fwd
6500,fwd
9999,fwd
4600,fwd
24997,4wd
17900,4wd
44999,4wd
4850,4wd
49628,4wd
24000,4wd
8500,rwd
16000,4wd
1995,fwd
9500,rwd
30990,fwd
1,rwd
7995,fwd
24500,rwd
41000,fwd
16995,4wd
11995,4wd
5800,fwd
25990,rwd
3999,4wd
6999,4wd
347,4wd
9800,4wd
6995,fwd
21990,fwd
19888,rwd
18922,4wd
7500,4wd
10995,rwd
270,4wd
13900,rwd
29990,4wd
13995,fwd
15990,fwd
4913,4wd
32995,4wd
31900,rwd
23295,4wd
2000,4wd
2000,fwd
3850,4wd
6995,fwd
4200,fwd
5995,fwd
16990,rwd
4995,4wd
6000,4wd
4900,4wd
45039,4wd
2500,4wd
18590,fwd
2000,fwd
101,rwd
8999,fwd
8995,fwd
33990,4wd
35990,4wd
14999,4wd
6250,fwd
41500,rwd
25990,fwd
29799,4wd
4000,rwd
34688,4wd
21500,rwd
15900,fwd
19990,4wd
4999,fwd
18488,rwd
3500,4wd
25590,4wd
18990,fwd
16995,4wd
4200,fwd
34250,fwd
5200,fwd
9495,fwd
6575,fwd
13500,fwd
15995,rwd
25990,rwd
15975,4wd
38900,4wd
4000,rwd
500,fwd
19590,fwd
9800,fwd
27990,rwd
274,4wd
29590,4wd
2200,4wd
9000,fwd
2999,4wd
8999,fwd
46999,4wd
3400,fwd
33990,rwd
3100,fwd
31900,4wd
17990,fwd
16995,fwd
3300,fwd
9999,4wd
8000,rwd
12995,4wd
10900,fwd
5000,fwd
9995,4wd
2495,fwd
28990,rwd
5499,4wd
9500,4wd
9995,4wd
28985,fwd
24990,rwd
4888,fwd
3995,fwd
1,4wd
5800,rwd
232,fwd
36990,4wd
6500,4wd
6895,4wd
39900,4wd
34988,4wd
33900,rwd
12000,4wd
19995,4wd
21830,fwd
2900,fwd
28993,4wd
28500,4wd
26500,fwd
45000,rwd
5990,fwd
5500,fwd
563,rwd
1750,rwd
37990,4wd
8990,4wd
6600,fwd
33398,4wd
15000,fwd
5500,rwd
25500,fwd
83999,4wd
2500,fwd
1900,fwd
37995,4wd
16988,4wd
27990,4wd
42977,4wd
40000,4wd
17995,4wd
4895,fwd
23834,4wd
29990,4wd
17995,fwd
28990,4wd
4995,fwd
59988,4wd
12995,fwd
154,fwd
11995,rwd
39998,rwd
10345,4wd
14995,fwd
7995,4wd
47499,4wd
31500,4wd
16995,4wd
16095,rwd
12988,rwd
1500,rwd
7995,4wd
15988,4wd
25590,fwd
9700,fwd
33974,rwd
11699,fwd
28590,rwd
11646,fwd
34999,4wd
14500,4wd
17000,4wd
9495,fwd
4495,4wd
8496,rwd
25995,fwd
25998,fwd
10999,4wd
37500,4wd
17590,fwd
283,4wd
28900,4wd
3000,fwd
16490,fwd
170,fwd
14500,4wd
1500,4wd
6500,rwd
10500,fwd
1988,fwd
3688,rwd
26500,4wd
12000,rwd
36500,4wd
15990,fwd
29995,4wd
3900,4wd
22590,rwd
84999,4wd
4995,fwd
5200,rwd
11488,4wd
650,rwd
5950,4wd
46590,rwd
17288,fwd
12995,fwd
4500,4wd
514,4wd
24500,rwd
12977,4wd
14500,4wd
40590,4wd
37999,4wd
22990,rwd
1900,fwd
13900,fwd
23965,4wd
8998,fwd
9750,4wd
25590,4wd
7995,fwd
50995,4wd
10999,fwd
10500,4wd
2250,fwd
8888,4wd
7950,4wd
15000,4wd
3500,rwd
13000,fwd
54990,4wd
26999,4wd
13990,fwd
1200,fwd
878,4wd
11495,fwd
8900,fwd
19995,rwd
39995,4wd
3200,fwd
8990,rwd
46999,4wd
5299,rwd
7795,fwd
23599,4wd
783,4wd
19788,rwd
41990,fwd
25995,fwd
22590,rwd
17998,rwd
33890,4wd
14995,4wd
15890,fwd
7495,4wd
7995,fwd
28590,4wd
62500,rwd
3999,fwd
36990,4wd
28000,4wd
7950,fwd
42000,4wd
6995,fwd
23900,rwd
23590,fwd
6995,4wd
39452,4wd
20991,fwd
459,4wd
5500,4wd
11995,4wd
33500,4wd
20500,4wd
3500,4wd
2200,fwd
6990,fwd
38590,rwd
26701,4wd
8899,fwd
39999,4wd
4495,fwd
14995,4wd
25495,4wd
49995,rwd
1500,4wd
26990,fwd
17990,fwd
15222,fwd
24000,rwd
2500,rwd
3995,4wd
3500,rwd
27500,fwd
54000,4wd
17288,fwd
37121,4wd
10500,fwd
53877,4wd
8700,4wd
84900,rwd
30990,4wd
3500,4wd
3450,fwd
19590,4wd
13798,rwd
37990,fwd
8980,rwd
269,fwd
41988,4wd
24995,4wd
5000,fwd
7999,fwd
5000,4wd
10988,fwd
11000,4wd
23590,rwd
32590,4wd
3495,rwd
9900,fwd
5900,fwd
7801,fwd
6000,fwd
9900,4wd
15952,4wd
7500,rwd
25990,fwd
8973,fwd
28900,4wd
40880,4wd
30990,rwd
6995,4wd
27995,4wd
22995,4wd
12499,rwd
11980,4wd
37917,4wd
14990,fwd
22990,rwd
14000,4wd
4500,fwd
5850,4wd
15999,fwd
17582,4wd
500,fwd
34990,4wd
12000,4wd
28000,4wd
10500,rwd
1750,rwd
5250,4wd
10980,fwd
9500,fwd
15990,fwd
631,4wd
100,4wd
12990,4wd
4400,4wd
18995,4wd
31990,rwd
15500,rwd
54999,4wd
8999,fwd
35590,rwd
36900,4wd
8000,rwd
15900,rwd
11500,4wd
999,fwd
1950,4wd
16990,fwd
16900,4wd
32900,4wd
8900,4wd
8100,fwd
6450,4wd
14988,fwd
12995,rwd
20777,fwd
10995,fwd
164,fwd
42995,4wd
29500,4wd
26590,4wd
8995,fwd
5500,rwd
19946,4wd
39999,4wd
28990,fwd
3200,fwd
21590,fwd
12900,fwd
12514,fwd
16995,4wd
35990,fwd
40850,4wd
567,4wd
8500,rwd
23590,fwd
8995,4wd
26990,rwd
10422,fwd
13000,rwd
17534,fwd
9875,4wd
6988,fwd
38990,fwd
8500,4wd
13770,fwd
19995,fwd
4950,4wd
27990,4wd
7000,rwd
36999,4wd
34595,4wd
14990,fwd
30990,4wd
19730,fwd
23590,fwd
58687,4wd
8600,4wd
7500,rwd
21999,rwd
43995,4wd
37990,4wd
15988,4wd
13900,4wd
27990,rwd
5950,fwd
21995,4wd
39624,4wd
17590,fwd
19200,fwd
47991,4wd
44899,4wd
69638,4wd
34990,4wd
7995,fwd
38990,4wd
7000,4wd
15988,fwd
6995,fwd
31990,4wd
4200,4wd
13351,fwd
11688,fwd
27490,rwd
9499,4wd
43990,4wd
16990,4wd
26900,fwd
22896,4wd
7996,4wd
13700,4wd
4600,fwd
7995,rwd
5788,rwd
1000,fwd
33990,fwd
21500,4wd
4500,fwd
25990,fwd
1200,fwd
5500,rwd
9500,fwd
3495,fwd
7200,fwd
55995,4wd
37990,rwd
7900,fwd
5000,4wd
2499,fwd
1500,fwd
6995,fwd
18995,fwd
27998,4wd
15800,4wd
34990,4wd
12875,fwd
8997,4wd
27990,rwd
27995,rwd
23990,4wd
19850,rwd
22000,4wd
10999,4wd
19995,4wd
15995,4wd
13900,4wd
59998,rwd
7900,rwd
7999,rwd
29990,4wd
19798,4wd
10500,4wd
4950,4wd
35998,fwd
16870,4wd
22995,rwd
37995,4wd
24995,4wd
25443,4wd
5988,fwd
19590,fwd
2900,rwd
6995,4wd
22995,4wd
48000,rwd
48909,4wd
19990,fwd
13900,4wd
7499,4wd
20950,4wd
12395,4wd
1700,rwd
32900,fwd
6800,fwd
19500,rwd
27998,rwd
2500,4wd
46888,4wd
22495,4wd
31590,fwd
16590,fwd
6000,4wd
1600,4wd
14780,4wd
5450,4wd
7000,fwd
5500,rwd
12991,fwd
12750,fwd
9999,rwd
18995,4wd
14975,4wd
2400,rwd
9497,fwd
3100,fwd
13999,fwd
29995,rwd
1500,fwd
43900,4wd
22500,4wd
22500,rwd
24990,4wd
29990,4wd
105000,rwd
34990,4wd
12000,rwd
10995,fwd
26995,4wd
25995,4wd
10000,rwd
12995,4wd
20990,4wd
6800,fwd
9991,fwd
8995,rwd
8650,4wd
27900,rwd
17411,fwd
42999,4wd
8495,fwd
14950,fwd
34300,4wd
7999,4wd
12988,fwd
7500,rwd
9000,fwd
3999,fwd
16795,4wd
6900,fwd
21990,fwd
15590,fwd
41998,4wd
2995,fwd
42995,4wd
9495,4wd
8995,fwd
66199,4wd
9000,4wd
17000,fwd
17590,fwd
13000,4wd
22900,4wd
20998,4wd
24998,4wd
11997,4wd
6600,fwd
39995,4wd
18995,4wd
40000,fwd
7500,fwd
13436,4wd
23990,rwd
50000,4wd
1400,fwd
20799,rwd
6900,fwd
261,fwd
5977,4wd
13880,4wd
4500,fwd
13444,4wd
33990,rwd
14500,4wd
28940,rwd
32990,4wd
4998,fwd
1500,4wd
23449,fwd
1750,4wd
21991,rwd
5827,4wd
5900,fwd
3500,fwd
4495,fwd
8999,4wd
2900,fwd
29995,rwd
4900,4wd
55075,4wd
120000,rwd
31990,rwd
5197,fwd
239,fwd
11740,fwd
6500,fwd
7900,4wd
5950,4wd
12440,fwd
24900,rwd
15995,4wd
103799,rwd
6500,rwd
34598,4wd
21590,rwd
8250,rwd
64995,4wd
4795,fwd
3950,fwd
8500,fwd
36590,4wd
42990,fwd
7400,fwd
4500,4wd
10995,4wd
22950,rwd
16777,fwd
54991,4wd
59000,4wd
37990,4wd
4500,fwd
12995,rwd
13250,rwd
7995,fwd
7750,rwd
250,4wd
1,rwd
37990,rwd
342,4wd
8100,fwd
7999,4wd
42995,4wd
23500,fwd
27990,rwd
11995,4wd
29495,4wd
6000,4wd
241,fwd
31590,fwd
40988,4wd
48900,4wd
13299,fwd
10995,4wd
4500,4wd
403,4wd
11999,rwd
18995,rwd
26337,4wd
37998,4wd
18900,4wd
4495,fwd
8950,rwd
12999,4wd
50000,4wd
8499,fwd
11995,4wd
9500,4wd
3700,4wd
54999,4wd
25990,4wd
16995,fwd
6995,rwd
20000,4wd
17000,4wd
3600,fwd
28590,4wd
29725,4wd
3000,4wd
20931,fwd
15989,rwd
28924,4wd
39990,4wd
30990,rwd
8900,4wd
21990,rwd
28990,rwd
28995,fwd
11999,4wd
32590,rwd
8995,fwd
40823,4wd
8990,rwd
27988,fwd
6995,4wd
19999,rwd
8500,4wd
55000,rwd
26950,4wd
16990,fwd
53990,4wd
15500,4wd
27590,fwd
42999,4wd
10500,fwd
9988,4wd
43500,4wd
34000,4wd
34950,4wd
11381,fwd
33998,fwd
24000,rwd
35000,4wd
11988,4wd
45300,4wd
76100,4wd
35335,4wd
18500,fwd
7000,4wd
26590,fwd
8900,fwd
20590,fwd
15995,4wd
23990,rwd
39995,4wd
33590,4wd
3900,fwd
14,4wd
1900,rwd
3900,fwd
5800,rwd
31995,4wd
3499,fwd
22952,4wd
54995,4wd
49900,4wd
30988,4wd
17450,4wd
3950,rwd
15823,4wd
24000,rwd
35590,rwd
24990,rwd
12498,4wd
50550,4wd
4500,4wd
27798,rwd
8750,4wd
29990,fwd
30900,4wd
13495,rwd
8500,fwd
4450,fwd
49628,4wd
8995,4wd
39990,4wd
24999,4wd
17995,4wd
26990,4wd
13991,fwd
27495,4wd
9500,fwd
17500,4wd
13991,fwd
7880,4wd
23995,rwd
6888,fwd
32995,4wd
8900,rwd
13881,fwd
10000,rwd
16678,4wd
31995,4wd
6995,4wd
27997,4wd
25995,rwd
6500,fwd
32999,4wd
31694,4wd
24990,fwd
37990,rwd
7500,4wd
21900,4wd
32598,4wd
28995,rwd
13485,4wd
28049,4wd
7995,fwd
9999,rwd
20000,4wd
17990,4wd
8200,fwd
38495,4wd
193,fwd
21969,4wd
10999,4wd
37600,4wd
28590,fwd
1800,fwd
13200,fwd
11500,fwd
11999,fwd
24900,fwd
10500,4wd
17590,fwd
11493,fwd
6850,fwd
3995,fwd
295,fwd
1200,fwd
6799,fwd
10188,fwd
13900,fwd
31995,4wd
16590,fwd
19590,fwd
27995,4wd
215,fwd
10899,fwd
14900,fwd
5499,fwd
13500,fwd
21990,fwd
20590,fwd
14500,rwd
64998,4wd
4800,fwd
17900,4wd
8712,fwd
495,fwd
19900,4wd
10995,rwd
5000,rwd
8699,4wd
15985,4wd
12995,4wd
9994,4wd
54999,4wd
24000,4wd
17995,rwd
1495,rwd
7250,4wd
24995,4wd
19999,rwd
9800,rwd
54995,4wd
14990,4wd
14995,rwd
29499,4wd
20289,rwd
3995,fwd
28990,rwd
35590,4wd
23990,fwd
8000,rwd
37998,rwd
11495,rwd
4500,4wd
39995,4wd
24950,4wd
29931,4wd
14997,4wd
600,fwd
11999,4wd
9500,4wd
19590,fwd
25000,4wd
32590,rwd
6999,fwd
17590,fwd
62999,4wd
3500,rwd
19995,4wd
8500,4wd
13800,rwd
8250,fwd
16000,fwd
35000,4wd
3500,fwd
35990,4wd
26000,4wd
2600,4wd
703,4wd
34742,4wd
11900,4wd
25888,4wd
9990,fwd
28990,4wd
30488,fwd
44995,4wd
20888,rwd
23750,4wd
7200,fwd
3000,fwd
289,fwd
44990,4wd
7995,fwd
16900,4wd
36999,4wd
23590,4wd
53877,4wd
17000,fwd
11988,rwd
5000,fwd
4250,fwd
11988,rwd
20977,4wd
13900,rwd
30989,4wd
51950,rwd
4200,fwd
14475,4wd
12500,4wd
29000,4wd
3000,fwd
9500,rwd
20495,4wd
32990,4wd
37495,4wd
8900,fwd
19500,4wd
932,4wd
10995,fwd
31900,rwd
2999,4wd
39999,rwd
21500,rwd
6499,rwd
4400,4wd
2200,fwd
14777,fwd
7500,rwd
14999,fwd
27395,4wd
8000,4wd
1500,fwd
44990,rwd
6495,fwd
12446,fwd
14500,4wd
34990,rwd
13999,fwd
17000,fwd
2700,fwd
3900,fwd
7800,rwd
5200,rwd
15997,fwd
6800,fwd
27590,fwd
54988,4wd
29999,4wd
29990,4wd
8995,4wd
10450,4wd
6200,fwd
17350,4wd
46590,rwd
15000,rwd
8900,fwd
23900,fwd
9450,fwd
13999,4wd
13826,fwd
5000,fwd
427,fwd
9400,4wd
31590,rwd
7700,4wd
5500,fwd
5900,4wd
7995,fwd
4995,4wd
16433,fwd
10995,4wd
44999,4wd
3500,fwd
5900,4wd
10995,4wd
13995,4wd
10000,4wd
18500,4wd
2200,fwd
22590,fwd
6900,fwd
229500,rwd
5988,4wd
20990,fwd
27590,4wd
91350,fwd
10898,fwd
37990,rwd
24995,rwd
11995,rwd
5950,rwd
4650,4wd
25990,rwd
20000,4wd
27000,rwd
9500,rwd
27619,fwd
5998,fwd
27590,fwd
4995,fwd
309,4wd
3750,fwd
4995,rwd
31995,rwd
17500,4wd
18990,fwd
63000,rwd
9999,rwd
6495,fwd
12999,4wd
27450,rwd
15995,fwd
24995,4wd
2300,rwd
7000,4wd
57781,4wd
9995,4wd
49628,4wd
11995,4wd
11999,rwd
5499,fwd
6000,rwd
34990,4wd
5850,fwd
3500,fwd
38990,4wd
15988,fwd
5000,rwd
6995,fwd
219,4wd
39977,4wd
4450,4wd
3000,4wd
12995,fwd
4995,fwd
19998,4wd
18990,4wd
26990,fwd
10089,4wd
17993,4wd
46990,4wd
20900,fwd
19990,rwd
6200,rwd
15000,fwd
42999,4wd
1000,fwd
58999,4wd
7299,fwd
7988,4wd
12600,fwd
22990,rwd
23222,rwd
175,fwd
9995,rwd
13995,4wd
15000,rwd
6000,fwd
11900,fwd
29777,4wd
22499,4wd
15000,4wd
24500,rwd
24990,rwd
2500,fwd
4999,fwd
4995,4wd
20995,rwd
30,fwd
18995,4wd
23990,4wd
15995,4wd
34990,rwd
6995,rwd
4000,fwd
5499,fwd
51880,4wd
23931,4wd
4995,fwd
7999,fwd
38500,4wd
11500,fwd
4490,4wd
36999,rwd
29999,4wd
30980,4wd
15999,4wd
30990,4wd
4975,fwd
5900,4wd
4895,fwd
16800,fwd
4990,4wd
24983,rwd
18990,rwd
6350,fwd
207,fwd
9823,fwd
37786,4wd
31990,4wd
13995,4wd
18495,fwd
1000,fwd
30990,rwd
56500,rwd
2695,4wd
39900,4wd
35900,4wd
19990,fwd
2500,fwd
21579,4wd
12500,rwd
25745,4wd
19590,rwd
8995,fwd
4999,fwd
30798,rwd
32499,fwd
23488,fwd
22999,4wd
41999,4wd
14430,4wd
12498,fwd
53433,rwd
29800,fwd
1500,rwd
13500,4wd
4500,rwd
3999,fwd
7900,rwd
31990,4wd
19999,4wd
28998,4wd
1400,rwd
18990,4wd
18900,4wd
38295,4wd
46282,4wd
6000,fwd
43991,rwd
39999,4wd
9995,fwd
13988,4wd
18377,fwd
7500,4wd
1000,fwd
2100,4wd
19995,4wd
700,4wd
26495,rwd
19590,4wd
7200,fwd
14900,4wd
7999,4wd
17990,4wd
5999,fwd
5988,fwd
6995,fwd
20999,4wd
6950,fwd
5998,4wd
60000,fwd
12155,fwd
53995,4wd
7400,4wd
9995,fwd
59990,4wd
20999,4wd
7888,fwd
16999,4wd
14500,4wd
8950,4wd
10995,4wd
14990,fwd
11995,fwd
12790,4wd
23990,rwd
21688,fwd
11999,fwd
2750,fwd
33990,rwd
9995,4wd
24990,fwd
3995,fwd
14900,rwd
21500,rwd
662,4wd
4550,4wd
29000,4wd
9599,fwd
250,4wd
14500,4wd
13995,4wd
18000,rwd
42900,4wd
6000,4wd
9975,fwd
10984,fwd
26595,fwd
47100,4wd
7500,4wd
499,rwd
9500,rwd
21990,fwd
2000,fwd
28000,rwd
5995,4wd
11995,rwd
900,4wd
44900,4wd
8995,4wd
3500,4wd
14990,4wd
32590,rwd
20995,fwd
12495,4wd
22990,fwd
22990,4wd
13995,rwd
5000,rwd
15900,4wd
42999,4wd
7495,4wd
24590,rwd
43788,4wd
5600,4wd
12999,rwd
25995,4wd
10999,4wd
19500,fwd
28000,4wd
7900,fwd
17499,4wd
7900,rwd
7949,4wd
5495,fwd
35590,rwd
53995,4wd
14500,4wd
5000,4wd
31000,rwd
22999,rwd
30990,fwd
54900,4wd
20590,fwd
99,4wd
12495,4wd
43995,4wd
1500,fwd
7995,fwd
34526,rwd
15990,4wd
26990,rwd
17000,rwd
5300,fwd
9500,fwd
18995,4wd
3000,4wd
47997,4wd
14211,fwd
19495,4wd
42995,4wd
16495,4wd
21590,fwd
27990,4wd
3999,fwd
5200,fwd
13500,4wd
9995,rwd
21950,4wd
34995,rwd
93,4wd
16990,fwd
24995,fwd
18995,rwd
7499,4wd
8500,4wd
19990,rwd
26729,fwd
13995,4wd
34590,fwd
232,fwd
7500,4wd
36152,4wd
21589,4wd
15990,rwd
42000,4wd
15990,fwd
10995,rwd
33998,4wd
15500,rwd
5000,4wd
49765,4wd
34590,4wd
49991,4wd
22999,rwd
39000,4wd
3495,fwd
3200,4wd
32995,4wd
24990,rwd
18997,4wd
2000,4wd
6495,fwd
32590,rwd
12995,4wd
14000,4wd
7899,4wd
6750,4wd
7299,fwd
18500,rwd
10995,rwd
30990,fwd
31990,rwd
9800,4wd
4200,fwd
5500,4wd
5500,4wd
11995,4wd
10000,fwd
6995,fwd
7500,4wd
13995,4wd
33500,4wd
29995,fwd
30988,4wd
5990,fwd
1800,fwd
4400,fwd
16900,4wd
38000,4wd
33500,4wd
19990,fwd
48957,4wd
8950,fwd
15990,fwd
40990,rwd
16995,fwd
43000,rwd
9995,rwd
14989,rwd
547,rwd
18995,4wd
79,4wd
2900,fwd
8495,4wd
11999,4wd
11600,rwd
4595,fwd
55981,4wd
28500,4wd
25990,fwd
22990,fwd
15649,rwd
6900,fwd
102999,rwd
8000,4wd
69999,4wd
41998,4wd
7991,4wd
8000,4wd
2500,rwd
9999,fwd
5700,fwd
13900,fwd
263,4wd
38999,4wd
29995,rwd
1,4wd
331,4wd
54991,4wd
4495,fwd
17460,fwd
2800,rwd
1000,fwd
4995,4wd
11495,4wd
21000,fwd
4999,fwd
49628,4wd
39999,4wd
23590,fwd
11900,rwd
33999,4wd
19900,fwd
29997,rwd
17990,fwd
311,4wd
15301,rwd
2500,4wd
21988,fwd
9991,fwd
20949,4wd
39590,rwd
49531,4wd
23998,fwd
13575,4wd
3000,4wd
12500,4wd
17988,fwd
2900,4wd
4000,4wd
16999,4wd
18897,rwd
4695,fwd
11997,4wd
3500,fwd
28590,fwd
37583,4wd
36590,4wd
6995,fwd
11997,4wd
33999,rwd
37583,4wd
12500,rwd
5000,fwd
12990,fwd
8950,4wd
5000,rwd
29590,4wd
31995,4wd
21870,4wd
122420,fwd
37990,rwd
34985,4wd
8988,4wd
51945,4wd
47995,4wd
43,rwd
100,fwd
3495,4wd
9350,fwd
4500,fwd
509,4wd
32999,4wd
33990,rwd
18000,rwd
43999,4wd
21998,4wd
9500,4wd
18990,fwd
2488,4wd
10000,rwd
32990,rwd
12995,4wd
39950,4wd
20000,rwd
29999,4wd
15500,4wd
15495,rwd
5800,fwd
9999,fwd
37995,4wd
15995,4wd
15590,fwd
38990,rwd
1000,fwd
3990,fwd
12995,fwd
2900,fwd
14995,4wd
4998,fwd
24581,fwd
11995,rwd
34997,4wd
21999,4wd
2995,4wd
34990,4wd
3200,fwd
21590,fwd
567,4wd
22998,fwd
25990,4wd
9876,fwd
58995,4wd
7250,fwd
26590,fwd
29500,fwd
39999,4wd
14995,4wd
81981,4wd
37000,4wd
5600,fwd
44146,4wd
19990,4wd
6500,fwd
38590,rwd
33995,fwd
28590,rwd
24500,rwd
12980,4wd
10999,4wd
17995,fwd
6995,4wd
10995,fwd
8395,fwd
33997,4wd
7499,fwd
6995,fwd
7500,4wd
33986,4wd
38990,4wd
44995,4wd
2600,fwd
8000,fwd
3995,4wd
9900,4wd
34590,rwd
23590,fwd
8500,fwd
7995,fwd
5950,fwd
14995,4wd
4650,fwd
57493,4wd
7000,fwd
39990,rwd
18990,fwd
14900,fwd
68297,4wd
66995,4wd
22990,rwd
8900,rwd
19900,4wd
3200,fwd
5950,fwd
26990,rwd
24595,4wd
13777,fwd
31990,rwd
26590,rwd
49999,4wd
43991,rwd
8000,rwd
8000,4wd
4700,fwd
17483,fwd
11913,fwd
6795,fwd
234,4wd
28590,rwd
13990,4wd
2000,fwd
23995,rwd
9500,4wd
34990,4wd
43990,4wd
6995,fwd
21894,4wd
16000,fwd
52999,4wd
35000,4wd
11988,fwd
15900,fwd
11000,rwd
58000,4wd
8500,rwd
16222,fwd
51800,rwd
23989,4wd
8999,4wd
23998,4wd
1950,fwd
367,fwd
14000,rwd
26999,4wd
1000,fwd
23995,4wd
40995,4wd
10999,fwd
38900,4wd
15990,fwd
34990,4wd
24000,4wd
31995,rwd
28950,4wd
149,4wd
18000,fwd
3995,rwd
47100,4wd
5495,fwd
10500,4wd
14444,rwd
5650,4wd
13495,4wd
6999,rwd
4450,4wd
39500,rwd
19990,rwd
31750,4wd
25000,fwd
17500,rwd
31495,4wd
8900,fwd
13500,rwd
32990,fwd
15950,rwd
14588,fwd
16590,fwd
6950,4wd
17899,4wd
3800,fwd
14340,fwd
21990,4wd
57590,4wd
3995,fwd
10900,fwd
21989,fwd
24991,rwd
29590,fwd
6500,4wd
5995,4wd
7000,rwd
4500,4wd
15900,4wd
4600,fwd
100995,4wd
2900,fwd
6995,fwd
19500,fwd
5800,rwd
57000,4wd
10998,fwd
20701,4wd
86999,4wd
7995,fwd
4400,rwd
9200,fwd
69999,4wd
5990,4wd
10000,4wd
4900,fwd
33900,4wd
11950,fwd
2300,4wd
19995,4wd
29900,4wd
11490,4wd
18989,fwd
12830,fwd
155000,4wd
14795,fwd
5900,4wd
36590,fwd
52573,4wd
20990,4wd
29980,rwd
21111,4wd
61999,4wd
3999,4wd
8200,fwd
4990,fwd
16500,fwd
26995,4wd
9450,fwd
17900,fwd
32990,4wd
26990,rwd
8300,fwd
14980,4wd
6950,fwd
19990,rwd
11700,fwd
15995,fwd
24977,4wd
3000,fwd
15800,4wd
26990,4wd
26500,rwd
16595,4wd
24990,rwd
21990,fwd
7495,4wd
3200,fwd
29999,4wd
7500,rwd
11990,fwd
8995,fwd
6500,4wd
34990,rwd
28888,rwd
39999,4wd
11952,fwd
64999,4wd
31590,rwd
9995,fwd
24997,4wd
16990,fwd
24100,fwd
31990,fwd
4500,4wd
32900,4wd
65995,4wd
6495,fwd
2995,rwd
40590,4wd
4500,4wd
9999,fwd
10995,fwd
16590,fwd
58444,4wd
43995,4wd
7200,rwd
5300,fwd
5995,fwd
22999,4wd
37998,4wd
48460,4wd
32990,rwd
10000,4wd
14999,4wd
27990,rwd
8999,4wd
20990,rwd
8995,fwd
13249,fwd
10995,4wd
16000,4wd
11500,fwd
8900,4wd
22795,4wd
36500,rwd
10999,4wd
14991,fwd
7988,fwd
36495,4wd
21500,rwd
36999,4wd
22995,4wd
21492,fwd
21590,4wd
37428,4wd
12875,4wd
23500,rwd
15000,rwd
13991,rwd
8992,fwd
17995,fwd
37995,4wd
33888,rwd
15990,fwd
12980,fwd
44902,4wd
6495,fwd
20000,4wd
17999,4wd
22500,fwd
5950,4wd
27999,rwd
7999,fwd
18998,4wd
8995,fwd
52999,4wd
27,rwd
27999,4wd
5500,4wd
15999,4wd
10798,rwd
4275,4wd
11495,fwd
43995,4wd
10000,4wd
17901,4wd
3500,4wd
12800,rwd
22590,fwd
13980,rwd
4750,4wd
25729,rwd
27990,rwd
8500,4wd
59900,rwd
1,4wd
18590,fwd
17990,fwd
21995,4wd
14495,fwd
37991,4wd
2995,rwd
15250,fwd
34590,4wd
11995,fwd
32990,fwd
7480,fwd
39990,rwd
16495,4wd
10901,4wd
6000,4wd
8995,fwd
15950,fwd
44999,4wd
32990,4wd
14500,rwd
46988,4wd
9000,4wd
7500,rwd
34990,4wd
6700,fwd
32500,4wd
7980,fwd
3000,fwd
16499,4wd
13995,rwd
11995,4wd
42000,4wd
21999,4wd
5599,fwd
21990,fwd
6900,4wd
7975,rwd
7495,4wd
29995,rwd
30928,4wd
32000,fwd
21998,fwd
19850,4wd
7000,fwd
4900,fwd
20990,fwd
34995,4wd
18950,4wd
6950,fwd
24590,fwd
45425,4wd
36900,rwd
13500,4wd
13999,4wd
14000,rwd
8995,4wd
6500,rwd
4872,fwd
37990,4wd
24000,4wd
5490,fwd
14995,fwd
26900,4wd
3595,rwd
6500,fwd
11995,fwd
23990,fwd
41750,4wd
16900,rwd
30900,rwd
16990,fwd
3500,4wd
356,4wd
21995,4wd
6499,4wd
1800,fwd
16999,4wd
18500,rwd
4995,fwd
6850,fwd
5600,fwd
5995,fwd
52681,4wd
38900,4wd
4900,fwd
30990,4wd
31998,4wd
112500,4wd
5495,rwd
12863,4wd
52900,4wd
14997,fwd
17990,fwd
1800,fwd
25590,fwd
6850,4wd
15995,4wd
32500,rwd
29988,4wd
8990,rwd
18488,4wd
40000,rwd
53985,4wd
14990,fwd
2850,fwd
31995,4wd
500,4wd
8500,rwd
28990,4wd
21208,4wd
14988,rwd
51999,4wd
29997,4wd
23500,fwd
8999,fwd
22500,4wd
44990,4wd
4650,fwd
12495,fwd
2000,fwd
24990,4wd
16995,rwd
30990,4wd
6990,fwd
7950,fwd
42999,4wd
45900,4wd
10999,4wd
37990,rwd
13995,fwd
11499,fwd
23989,4wd
25590,fwd
11999,4wd
8750,fwd
6995,fwd
67999,4wd
3995,4wd
22990,fwd
35990,rwd
17995,4wd
10982,fwd
25000,rwd
5750,fwd
29990,4wd
58995,4wd
16991,fwd
30590,4wd
11997,4wd
13900,rwd
4950,fwd
3900,fwd
14995,rwd
3300,4wd
5450,fwd
28990,rwd
5995,4wd
3500,4wd
15499,4wd
8500,fwd
15494,4wd
11600,4wd
32990,rwd
35000,4wd
5988,fwd
12888,fwd
8499,fwd
5500,rwd
29494,4wd
5995,fwd
22999,4wd
32990,4wd
29900,rwd
8900,rwd
2740,4wd
30995,rwd
58995,4wd
22990,rwd
34590,4wd
5495,fwd
21590,fwd
11400,fwd
8450,4wd
22000,fwd
27590,fwd
23999,4wd
99,fwd
8550,fwd
38590,4wd
12000,4wd
20599,4wd
12000,rwd
462,4wd
10500,4wd
7980,4wd
43900,4wd
7999,fwd
4400,4wd
5500,4wd
8500,fwd
24997,4wd
30488,fwd
59900,rwd
1900,4wd
49995,4wd
54995,4wd
20860,4wd
6500,4wd
17500,rwd
23961,fwd
4500,fwd
64999,4wd
19590,fwd
900,4wd
35990,rwd
31988,4wd
82999,4wd
34800,4wd
3000,fwd
39624,4wd
13900,fwd
11250,fwd
11000,4wd
49995,4wd
8990,fwd
6500,4wd
9900,rwd
15994,fwd
257,fwd
30590,fwd
49995,4wd
27395,4wd
46990,4wd
8298,fwd
12123,fwd
16888,fwd
12000,fwd
11995,fwd
16899,fwd
3950,fwd
34999,4wd
6200,fwd
13000,rwd
13500,4wd
4299,fwd
7500,4wd
8800,4wd
31980,4wd
29990,fwd
9898,4wd
15990,fwd
24000,rwd
8995,fwd
14995,rwd
29999,4wd
20983,fwd
19900,rwd
2200,4wd
3900,rwd
36998,4wd
33988,4wd
12495,4wd
39999,4wd
30990,4wd
14000,rwd
36888,4wd
5999,4wd
12300,4wd
10970,rwd
29650,4wd
19950,4wd
27590,fwd
36590,4wd
4200,rwd
17995,fwd
14000,fwd
10000,rwd
11500,4wd
2195,fwd
5900,rwd
24590,fwd
30990,fwd
6900,4wd
7999,fwd
350,4wd
12995,4wd
20988,4wd
49998,4wd
99,4wd
7495,4wd
14900,rwd
15000,4wd
13500,4wd
29950,4wd
19650,fwd
20990,fwd
4500,4wd
14928,fwd
33333,fwd
6000,4wd
33995,4wd
54655,rwd
35590,fwd
8500,fwd
110000,rwd
8800,4wd
20998,4wd
10500,4wd
8500,4wd
18997,fwd
10988,rwd
12180,4wd
28990,fwd
18188,fwd
8900,fwd
4990,fwd
6900,fwd
20999,4wd
36988,4wd
8998,fwd
6499,4wd
15800,rwd
16999,rwd
4999,fwd
34800,4wd
44999,4wd
7390,4wd
4995,fwd
22995,fwd
4999,fwd
17998,4wd
59999,4wd
18495,4wd
7950,fwd
33652,4wd
7995,fwd
28000,fwd
16000,4wd
10498,rwd
8900,fwd
26000,rwd
82999,4wd
30930,4wd
59940,rwd
15990,fwd
4995,fwd
39590,rwd
7200,4wd
29990,4wd
8900,fwd
747,4wd
28798,4wd
22990,fwd
21995,fwd
49888,4wd
18990,fwd
36930,4wd
39300,4wd
42000,4wd
11995,4wd
9985,4wd
36500,rwd
9999,4wd
29591,4wd
4495,4wd
6995,fwd
3495,4wd
29990,rwd
10599,fwd
36841,4wd
7250,4wd
11977,4wd
25991,4wd
71999,4wd
15000,4wd
31990,4wd
3400,fwd
27590,4wd
13988,4wd
18200,fwd
30995,4wd
379,rwd
20888,fwd
7500,fwd
12999,rwd
18000,4wd
8997,fwd
5700,4wd
9997,4wd
15995,rwd
17993,4wd
19990,fwd
34981,4wd
29488,rwd
12423,fwd
10995,rwd
32990,fwd
41999,4wd
143,4wd
4950,rwd
19900,rwd
14999,fwd
12995,4wd
39995,4wd
3400,4wd
8995,4wd
6700,fwd
33988,4wd
3895,fwd
14500,rwd
5500,4wd
6200,4wd
21900,4wd
15997,fwd
9500,fwd
37994,4wd
22478,fwd
5200,fwd
17590,fwd
2900,fwd
9950,fwd
10400,rwd
33990,4wd
13990,4wd
19999,4wd
13997,rwd
69000,4wd
14995,4wd
250,rwd
8450,fwd
27995,rwd
17590,fwd
1500,rwd
11995,fwd
22590,fwd
28990,4wd
5850,fwd
25998,4wd
16823,fwd
12488,4wd
6931,rwd
4995,rwd
28995,rwd
2950,fwd
26995,rwd
3900,rwd
21500,4wd
38990,fwd
11981,fwd
36590,4wd
47995,rwd
29990,4wd
7991,fwd
8998,fwd
39990,rwd
32590,rwd
39900,4wd
13000,4wd
21590,fwd
4000,4wd
28995,4wd
26999,rwd
15400,fwd
3600,fwd
9995,4wd
5990,4wd
6495,fwd
20990,fwd
83999,4wd
6995,fwd
3999,4wd
9990,fwd
5900,4wd
3599,4wd
13300,rwd
46900,4wd
8500,rwd
33900,4wd
7000,4wd
556,4wd
6600,4wd
5995,fwd
3995,fwd
20998,fwd
10450,fwd
39999,4wd
39998,4wd
12400,4wd
24991,4wd
20500,4wd
2700,fwd
9995,4wd
13950,fwd
41590,fwd
38990,fwd
54500,4wd
4999,4wd
33990,rwd
21995,fwd
5995,4wd
21500,rwd
14500,4wd
6990,fwd
296,fwd
16999,fwd
3300,4wd
11500,rwd
19990,fwd
5500,4wd
10495,rwd
38250,4wd
28990,4wd
7500,4wd
16995,4wd
18999,4wd
18590,fwd
4495,fwd
3500,4wd
10995,rwd
6995,fwd
20990,fwd
35653,4wd
10800,4wd
5000,fwd
12995,fwd
12598,fwd
28403,4wd
15999,4wd
29950,4wd
48590,4wd
13995,4wd
20900,4wd
5500,4wd
38995,4wd
43275,4wd
38990,rwd
48800,4wd
5288,fwd
6300,fwd
21500,4wd
10800,fwd
39500,rwd
2700,fwd
6495,fwd
13691,fwd
15990,fwd
12500,4wd
21995,4wd
16095,rwd
19590,rwd
59888,4wd
8995,fwd
28500,rwd
41500,4wd
15988,fwd
28900,4wd
23072,rwd
19950,4wd
33874,rwd
22000,rwd
5500,fwd
3999,fwd
17900,4wd
7950,4wd
21500,rwd
3500,4wd
20990,fwd
51990,4wd
29771,4wd
8500,fwd
22000,fwd
46888,4wd
6600,4wd
6000,4wd
4000,fwd
46998,fwd
15981,fwd
8999,fwd
6900,4wd
46447,4wd
12995,fwd
19990,fwd
2000,4wd
32995,4wd
2005,rwd
18000,4wd
7650,fwd
14000,rwd
12995,fwd
27566,fwd
10000,fwd
5900,fwd
994,4wd
3995,fwd
29590,4wd
19991,fwd
8990,4wd
16999,fwd
8999,4wd
52995,4wd
11998,fwd
32990,4wd
3900,fwd
12898,fwd
5950,fwd
16299,fwd
7900,4wd
10980,rwd
3650,4wd
57900,4wd
14500,fwd
15500,4wd
33000,rwd
17997,4wd
8988,4wd
4500,fwd
3500,fwd
37997,4wd
19999,rwd
34990,rwd
11000,rwd
5100,4wd
14900,4wd
17991,4wd
34657,4wd
22995,4wd
8900,4wd
10570,fwd
22441,fwd
1500,4wd
45900,rwd
1599,fwd
97,fwd
49950,4wd
16988,fwd
6900,fwd
25999,4wd
18000,rwd
750,fwd
61590,rwd
8500,4wd
28000,4wd
33990,4wd
40998,4wd
58977,4wd
3500,4wd
29590,rwd
34995,4wd
8200,4wd
209,rwd
33607,4wd
6950,4wd
2500,rwd
32988,4wd
23990,rwd
7950,4wd
7900,fwd
24997,fwd
27992,rwd
2900,fwd
7500,rwd
4200,fwd
6950,fwd
36590,rwd
35900,4wd
1500,4wd
21000,4wd
19995,4wd
3499,fwd
6990,fwd
25990,rwd
19590,fwd
5200,fwd
15995,fwd
5500,4wd
6495,4wd
6100,fwd
19995,4wd
8999,4wd
14900,4wd
5500,4wd
3300,4wd
9495,fwd
8999,4wd
12995,rwd
40990,fwd
13990,fwd
47944,4wd
12998,rwd
2300,fwd
4900,rwd
33264,fwd
63992,4wd
3695,fwd
19598,4wd
10999,4wd
31990,4wd
69998,rwd
35400,4wd
38995,4wd
23990,fwd
40000,4wd
32999,4wd
8000,fwd
8800,fwd
6300,fwd
26630,fwd
10995,fwd
24995,fwd
5000,4wd
11995,fwd
10990,fwd
25995,4wd
900,fwd
8500,4wd
39990,fwd
41750,4wd
13995,rwd
2200,4wd
11488,4wd
5452,fwd
19800,rwd
12500,4wd
15000,rwd
67498,rwd
9990,rwd
7500,rwd
8950,fwd
32990,rwd
49997,4wd
6400,fwd
43800,4wd
8980,rwd
13590,fwd
6999,fwd
26990,rwd
49990,4wd
26789,4wd
9000,fwd
11860,fwd
29997,4wd
12600,4wd
23900,4wd
36999,4wd
64995,4wd
21995,4wd
2000,fwd
31999,rwd
13000,fwd
7400,fwd
47900,4wd
40963,4wd
39999,4wd
59995,4wd
6495,fwd
6981,fwd
7499,fwd
4995,fwd
30990,4wd
24999,4wd
32988,fwd
29990,4wd
34995,4wd
11255,fwd
44598,4wd
39590,rwd
26990,rwd
29590,4wd
19999,4wd
38732,4wd
12995,4wd
9500,4wd
11000,fwd
18990,fwd
8795,fwd
23950,fwd
6900,rwd
48259,4wd
13877,fwd
25999,4wd
30990,4wd
31988,4wd
14500,rwd
15900,fwd
37161,4wd
15900,4wd
36998,rwd
20000,4wd
18990,rwd
30590,rwd
3500,fwd
39995,4wd
10800,fwd
24990,fwd
21330,4wd
13639,fwd
7000,rwd
17590,fwd
37998,4wd
18998,fwd
78580,4wd
39995,rwd
36990,fwd
44500,4wd
12999,4wd
24500,4wd
99950,rwd
5995,fwd
5995,fwd
18995,fwd
12884,4wd
4999,4wd
17590,fwd
25995,4wd
4500,fwd
27990,rwd
20990,4wd
37990,4wd
10990,fwd
7900,4wd
33990,fwd
11987,fwd
10970,fwd
59995,4wd
32991,4wd
4900,fwd
24959,fwd
24990,fwd
25590,fwd
38990,4wd
24415,rwd
3000,fwd
36990,4wd
15990,fwd
180,4wd
15000,fwd
12985,fwd
43990,rwd
67995,4wd
13995,4wd
12990,fwd
32990,rwd
5495,fwd
18337,fwd
65000,fwd
6295,fwd
3450,4wd
2000,rwd
15999,4wd
37999,4wd
9990,4wd
16998,4wd
14997,fwd
5995,4wd
6999,4wd
3995,fwd
11500,4wd
5995,4wd
8995,fwd
26500,4wd
6800,4wd
5850,4wd
4700,fwd
28997,4wd
21995,fwd
33990,rwd
13973,fwd
25990,4wd
21990,fwd
31990,4wd
4995,fwd
8999,fwd
26500,rwd
1,fwd
39750,4wd
25590,rwd
9000,4wd
3499,rwd
19995,rwd
15995,fwd
4400,fwd
15995,4wd
6950,fwd
23995,fwd
9400,fwd
39590,rwd
29500,4wd
11500,4wd
7500,rwd
3999,fwd
6995,fwd
4350,fwd
12995,4wd
15990,fwd
11500,fwd
75000,fwd
79,rwd
28900,4wd
131500,4wd
30990,rwd
20977,4wd
22950,4wd
3200,4wd
28788,4wd
6500,4wd
19995,4wd
11899,fwd
9995,4wd
5000,rwd
39995,4wd
7991,fwd
3995,fwd
33590,fwd
14495,fwd
27590,fwd
4500,fwd
2988,fwd
15000,4wd
17990,fwd
958,4wd
32995,4wd
18841,rwd
9595,fwd
23000,fwd
29850,rwd
33990,4wd
8995,fwd
29590,rwd
16590,fwd
13400,fwd
29990,4wd
36500,4wd
2700,fwd
11800,fwd
3900,fwd
5400,fwd
678,4wd
18990,fwd
3500,fwd
4900,fwd
19500,4wd
16500,rwd
3495,4wd
10900,fwd
12901,4wd
4900,fwd
25998,fwd
25426,4wd
10900,fwd
8000,4wd
22590,fwd
8590,fwd
44488,4wd
6999,4wd
14000,fwd
22643,4wd
99,fwd
35844,4wd
12999,rwd
5995,4wd
27000,4wd
11495,fwd
6500,4wd
39000,rwd
7500,4wd
10995,4wd
8500,fwd
13800,fwd
9200,rwd
17900,4wd
11480,4wd
39999,4wd
27549,4wd
29990,4wd
1000,4wd
2000,rwd
25999,4wd
22499,rwd
25000,4wd
5500,4wd
6995,fwd
12995,rwd
32990,rwd
21990,4wd
13990,4wd
546,4wd
32590,rwd
27990,fwd
50130,fwd
6995,fwd
1006,4wd
11625,fwd
3999,fwd
32990,4wd
195,fwd
15590,fwd
20995,4wd
18999,fwd
14900,4wd
9950,rwd
17590,fwd
9995,fwd
39999,4wd
21997,4wd
23000,4wd
20995,rwd
4468,fwd
4250,4wd
33500,4wd
24815,4wd
49900,4wd
5977,4wd
1900,rwd
1,4wd
15950,rwd
37900,4wd
35997,4wd
19499,fwd
8900,fwd
35000,rwd
31000,4wd
39990,rwd
42850,4wd
6598,fwd
4499,fwd
41590,fwd
24995,rwd
53999,4wd
29999,4wd
29590,fwd
30590,4wd
24958,fwd
13500,4wd
4395,4wd
10000,4wd
28000,4wd
8950,4wd
22000,4wd
1500,4wd
38995,fwd
23990,4wd
14990,fwd
33990,4wd
64999,4wd
4900,fwd
20590,fwd
11500,4wd
800,fwd
34990,fwd
28000,4wd
9,fwd
40590,4wd
3000,fwd
29965,4wd
42995,4wd
23995,rwd
9795,fwd
20990,4wd
12900,fwd
11787,fwd
8900,rwd
13000,4wd
6980,4wd
11400,4wd
38882,4wd
5947,fwd
1000,fwd
2877,4wd
10800,fwd
4999,fwd
8800,4wd
32421,rwd
37990,rwd
10900,fwd
12500,4wd
10000,rwd
39999,4wd
3000,4wd
17798,fwd
14995,rwd
13995,4wd
16995,4wd
6972,fwd
19999,4wd
32590,rwd
21500,rwd
10800,fwd
7950,fwd
53935,4wd
18995,4wd
19499,rwd
41998,4wd
15590,fwd
27499,4wd
6100,4wd
22909,rwd
5950,4wd
12450,fwd
18000,4wd
29990,rwd
8000,4wd
23590,rwd
15990,fwd
3000,4wd
13995,4wd
39995,4wd
39000,4wd
11995,fwd
57590,4wd
21998,fwd
27999,4wd
10950,fwd
29988,rwd
21945,4wd
46900,4wd
34990,rwd
4988,fwd
38590,4wd
1,4wd
19788,fwd
32900,rwd
10899,4wd
9600,4wd
5995,fwd
11931,fwd
23000,rwd
55410,fwd
3995,fwd
6500,rwd
11995,fwd
48999,4wd
11508,fwd
7999,fwd
4950,fwd
35998,4wd
4500,4wd
15995,4wd
4800,fwd
16990,rwd
20990,fwd
6395,fwd
17990,fwd
16000,rwd
46900,4wd
4900,fwd
72995,4wd
17500,4wd
6890,fwd
3500,fwd
8795,fwd
31995,4wd
5900,4wd
14450,fwd
6500,rwd
20995,4wd
17278,fwd
47590,4wd
10980,4wd
22850,4wd
28745,4wd
42991,rwd
40590,rwd
26995,4wd
11000,fwd
28990,fwd
29999,4wd
11990,rwd
20000,fwd
2000,4wd
14625,4wd
15590,fwd
4895,fwd
19995,fwd
13000,fwd
15995,rwd
26998,4wd
4999,fwd
7990,fwd
23000,4wd
5550,fwd
5890,4wd
9950,4wd
7950,fwd
10995,fwd
15999,fwd
3490,fwd
27995,4wd
14450,4wd
7000,4wd
5500,4wd
25695,fwd
19990,fwd
3000,rwd
13250,4wd
5800,4wd
55000,4wd
30488,4wd
58764,4wd
84999,4wd
9700,fwd
38590,rwd
5999,fwd
3400,fwd
36499,rwd
2600,fwd
13400,4wd
41990,4wd
61880,4wd
37490,4wd
32442,fwd
13475,fwd
26590,fwd
9990,fwd
7995,fwd
39500,rwd
59950,4wd
65471,4wd
13477,4wd
34990,4wd
5995,4wd
5706,fwd
11900,fwd
34999,4wd
12995,fwd
8500,fwd
19598,fwd
12850,4wd
82900,4wd
1900,fwd
23950,rwd
3500,4wd
2000,fwd
43999,4wd
21589,4wd
18980,rwd
19900,fwd
24990,fwd
34590,4wd
13750,fwd
49999,4wd
19990,4wd
19900,rwd
10000,4wd
10995,rwd
18500,rwd
29990,fwd
3500,fwd
6995,fwd
5999,rwd
12988,fwd
22995,fwd
7500,4wd
5995,fwd
563,4wd
10400,fwd
29999,4wd
6950,rwd
5850,4wd
8000,rwd
5495,fwd
33900,4wd
7550,4wd
11501,4wd
34999,4wd
8900,rwd
37500,4wd
20995,4wd
5700,4wd
8900,4wd
16590,fwd
27490,rwd
8488,4wd
23990,fwd
34590,4wd
7999,fwd
32990,rwd
8490,fwd
25900,4wd
7995,4wd
42000,4wd
26500,4wd
97995,4wd
34990,4wd
16590,fwd
17999,4wd
6850,fwd
11999,4wd
39990,4wd
41999,4wd
34590,4wd
35888,4wd
29981,fwd
10500,rwd
31590,4wd
21989,4wd
4250,4wd
198,4wd
7500,rwd
15000,4wd
32500,4wd
14990,fwd
39891,4wd
38990,4wd
6495,fwd
11900,fwd
5999,4wd
227,fwd
28590,4wd
5995,fwd
5000,fwd
14995,fwd
10000,4wd
3200,fwd
6450,fwd
23000,fwd
22994,fwd
16995,4wd
34999,4wd
5500,4wd
49900,4wd
29990,4wd
7995,fwd
3000,fwd
26999,4wd
12500,rwd
12900,fwd
41590,fwd
33999,4wd
37990,4wd
7500,fwd
14990,4wd
3600,fwd
6950,fwd
6695,fwd
14995,fwd
46859,4wd
20956,fwd
13995,fwd
6495,fwd
24999,fwd
10800,4wd
18590,fwd
25990,fwd
9000,rwd
8990,fwd
11950,4wd
8450,fwd
3995,4wd
24999,4wd
8989,fwd
12995,fwd
17250,4wd
16788,fwd
33980,4wd
5695,4wd
8999,rwd
10900,fwd
15995,fwd
3495,fwd
3200,4wd
8990,rwd
2500,4wd
35274,fwd
11399,fwd
14000,4wd
11500,4wd
4300,fwd
18999,fwd
29988,rwd
43547,4wd
10999,4wd
24590,fwd
17,4wd
23999,4wd
27950,rwd
12995,4wd
9988,fwd
14995,fwd
11288,fwd
27590,fwd
39990,4wd
29990,rwd
18883,fwd
15950,4wd
253,fwd
26000,4wd
5200,rwd
10499,4wd
9500,fwd
7900,fwd
1800,4wd
7995,fwd
5995,4wd
7999,fwd
7999,rwd
34590,4wd
33990,4wd
56999,4wd
37647,4wd
7850,fwd
608,4wd
5995,fwd
66995,4wd
8995,4wd
34590,4wd
3990,fwd
5823,fwd
20895,4wd
7995,fwd
38300,rwd
7600,4wd
15998,fwd
1499,4wd
7800,4wd
9500,fwd
31990,4wd
26990,fwd
14999,fwd
8995,rwd
7495,fwd
5833,fwd
9187,fwd
39488,4wd
6900,4wd
299,4wd
7995,fwd
32995,rwd
31990,rwd
6499,fwd
4500,fwd
29990,4wd
3995,fwd
4800,rwd
18990,fwd
17590,fwd
11500,rwd
28990,4wd
43990,4wd
18998,fwd
23995,4wd
8070,fwd
36590,4wd
1,4wd
32950,4wd
17990,fwd
18700,fwd
26494,4wd
5900,fwd
10495,rwd
3500,fwd
9998,4wd
37777,4wd
4950,fwd
44998,4wd
2300,fwd
42999,4wd
7500,fwd
24785,4wd
4900,4wd
54999,4wd
19998,rwd
21425,4wd
14800,fwd
16990,fwd
43995,4wd
5600,rwd
25995,4wd
11000,4wd
30000,4wd
39999,4wd
10200,fwd
4600,fwd
5500,fwd
8372,fwd
10900,fwd
23990,fwd
7500,4wd
27500,4wd
15000,4wd
28995,4wd
39115,fwd
27998,rwd
27990,4wd
6000,fwd
31995,rwd
10995,rwd
30900,fwd
14500,fwd
4995,fwd
9800,4wd
43999,4wd
58998,4wd
44995,rwd
10497,rwd
799,rwd
15900,4wd
8990,rwd
14546,fwd
19900,4wd
7900,4wd
30500,4wd
41995,4wd
26590,fwd
19888,4wd
20995,rwd
4800,fwd
17800,fwd
3800,fwd
1000,rwd
1,4wd
4999,fwd
26990,fwd
24590,rwd
26590,fwd
5900,rwd
15590,fwd
5495,fwd
10995,rwd
35500,4wd
5000,fwd
18000,4wd
12500,4wd
3450,fwd
19990,4wd
3950,fwd
11300,4wd
10995,fwd
14200,4wd
12995,fwd
10500,4wd
29900,rwd
5900,fwd
33995,rwd
7995,fwd
4559,rwd
5500,rwd
4495,rwd
15888,fwd
32990,rwd
16590,fwd
8995,4wd
27990,rwd
1500,4wd
41900,4wd
12791,fwd
34590,4wd
7900,fwd
27654,rwd
15995,4wd
6000,4wd
35590,4wd
46501,4wd
7800,fwd
9800,fwd
12500,4wd
15497,rwd
32900,4wd
25000,4wd
8995,fwd
6500,4wd
68777,4wd
18590,fwd
8990,fwd
33877,fwd
34499,4wd
5499,4wd
3800,fwd
10998,fwd
1200,4wd
53977,4wd
5200,fwd
20995,4wd
3500,fwd
9895,fwd
7295,fwd
8400,fwd
13999,4wd
21990,4wd
15590,fwd
16995,fwd
41852,4wd
34990,fwd
7900,rwd
30500,4wd
11500,fwd
4800,4wd
4495,fwd
15990,fwd
4500,4wd
34990,4wd
15990,fwd
7950,fwd
13500,4wd
28488,4wd
8900,4wd
12850,4wd
5591,fwd
19975,4wd
29990,4wd
33995,4wd
12899,rwd
34590,4wd
5000,fwd
6200,fwd
41590,fwd
21888,4wd
18987,rwd
31590,rwd
8500,4wd
19480,4wd
4500,fwd
12995,fwd
31888,4wd
6000,4wd
18498,4wd
8160,fwd
9999,4wd
17995,4wd
7999,fwd
9941,fwd
7495,fwd
65000,rwd
18500,4wd
6000,fwd
18900,fwd
4950,4wd
36590,rwd
4700,fwd
21000,fwd
7600,fwd
15900,fwd
31506,rwd
9999,fwd
15750,4wd
32995,4wd
6900,fwd
369,4wd
8450,4wd
10995,4wd
21950,4wd
13500,4wd
19850,rwd
5500,4wd
296,rwd
1850,rwd
14600,4wd
755,fwd
35495,rwd
4500,rwd
19900,rwd
25995,4wd
3991,fwd
31590,fwd
7991,fwd
16590,fwd
16500,4wd
20288,rwd
3500,rwd
19990,fwd
14800,rwd
18990,rwd
55995,4wd
5950,fwd
12950,4wd
8990,fwd
12000,fwd
11995,4wd
8500,4wd
12500,fwd
7900,4wd
17590,fwd
17995,4wd
6500,fwd
12977,fwd
8500,fwd
32405,4wd
25590,fwd
10995,4wd
19500,rwd
12300,fwd
19990,fwd
6759,fwd
38995,4wd
6499,4wd
16990,fwd
18990,fwd
5950,4wd
9000,4wd
5500,fwd
12900,4wd
17500,fwd
21463,fwd
9634,fwd
24995,4wd
9995,4wd
23809,4wd
30990,rwd
5495,fwd
12000,4wd
5300,4wd
2900,rwd
44900,fwd
10000,fwd
16850,4wd
20000,4wd
5500,rwd
11590,fwd
18938,fwd
6995,fwd
8750,rwd
3999,fwd
15990,fwd
68999,4wd
12977,rwd
10500,rwd
5950,4wd
34995,4wd
34995,4wd
27590,fwd
8500,fwd
14990,rwd
6500,rwd
3990,fwd
18999,4wd
24995,4wd
30995,rwd
31000,4wd
17990,rwd
321,4wd
51180,rwd
13488,fwd
8995,4wd
18900,fwd
37995,4wd
6500,fwd
30990,fwd
34999,4wd
25590,rwd
17957,4wd
17999,4wd
22950,fwd
25977,4wd
16477,4wd
295,fwd
4975,fwd
12900,4wd
6990,fwd
4000,fwd
34990,4wd
8975,fwd
30990,rwd
14999,rwd
20495,rwd
1000,fwd
5999,4wd
9999,fwd
24980,4wd
7000,rwd
9495,4wd
18590,fwd
33900,4wd
13950,4wd
14999,rwd
31990,4wd
49995,4wd
6940,rwd
84995,4wd
6499,fwd
5195,fwd
13775,fwd
50995,4wd
29995,fwd
21950,4wd
30990,4wd
3495,rwd
4200,fwd
2999,fwd
38990,4wd
18590,fwd
48500,4wd
18800,fwd
12995,4wd
9300,fwd
10995,fwd
11900,4wd
7495,fwd
18990,fwd
24901,fwd
22985,4wd
15950,fwd
44995,4wd
16999,4wd
38128,4wd
2499,4wd
7500,4wd
25977,4wd
4000,rwd
12800,rwd
29990,4wd
23995,4wd
9495,fwd
43500,rwd
28883,rwd
34990,4wd
5200,4wd
9995,fwd
15000,4wd
43788,4wd
8999,fwd
4995,rwd
19988,fwd
46977,4wd
1,4wd
26998,rwd
3750,rwd
39999,4wd
24980,4wd
46888,4wd
5950,4wd
35990,4wd
3200,fwd
57000,fwd
6500,fwd
8796,fwd
20000,4wd
6500,fwd
26995,fwd
8900,4wd
15000,4wd
10780,fwd
6476,fwd
3499,4wd
41500,4wd
23590,fwd
33488,rwd
23977,4wd
5995,fwd
24850,rwd
4500,rwd
14324,fwd
14985,4wd
25990,4wd
19999,4wd
14000,fwd
3750,fwd
16590,fwd
29000,rwd
2900,fwd
3500,rwd
10995,4wd
8000,4wd
21998,4wd
7995,fwd
13990,fwd
3995,4wd
59999,4wd
9500,4wd
13500,rwd
8950,fwd
4600,fwd
4995,fwd
15900,fwd
20990,fwd
3300,4wd
3700,fwd
79900,fwd
24990,rwd
25000,fwd
57988,4wd
31999,rwd
29990,4wd
34900,4wd
10500,rwd
27995,4wd
2750,fwd
11000,rwd
17999,4wd
2498,fwd
11950,fwd
25980,4wd
13000,rwd
11800,4wd
24990,fwd
34900,4wd
21590,fwd
69999,4wd
163,4wd
9000,fwd
34500,4wd
19649,fwd
6900,4wd
12995,4wd
13500,rwd
33995,rwd
120000,rwd
12988,fwd
19999,4wd
20998,4wd
11900,fwd
7950,4wd
2000,fwd
4100,fwd
49500,4wd
31590,fwd
7995,4wd
342,4wd
5750,4wd
14977,fwd
24999,rwd
22999,fwd
14900,fwd
8990,4wd
36590,fwd
18590,fwd
1,rwd
29990,4wd
4999,fwd
6888,fwd
19995,4wd
6450,4wd
24990,rwd
328,fwd
6500,4wd
31000,4wd
8429,fwd
5000,fwd
6900,fwd
54572,4wd
12950,4wd
23995,4wd
6750,fwd
20995,4wd
14995,fwd
19980,4wd
13995,fwd
28792,rwd
15590,fwd
3695,rwd
11900,fwd
85,fwd
36990,rwd
8800,4wd
20990,fwd
9495,4wd
12950,4wd
10950,4wd
36900,rwd
27990,rwd
19949,4wd
15900,4wd
6999,fwd
31580,4wd
17590,fwd
15990,fwd
29995,4wd
24500,4wd
5000,fwd
26990,rwd
19998,fwd
12750,fwd
19495,4wd
22990,fwd
22990,rwd
19590,fwd
18995,fwd
17995,fwd
26500,rwd
17952,rwd
18900,4wd
1500,fwd
39900,fwd
8990,4wd
2900,fwd
27999,4wd
8999,fwd
14900,4wd
45989,rwd
1300,fwd
9734,fwd
37990,rwd
24950,rwd
27590,rwd
4300,fwd
34990,4wd
6900,4wd
7100,4wd
22900,4wd
9995,rwd
563,4wd
15988,fwd
127,rwd
14355,fwd
